"date","daynum","month","day","cumulative_confirmed_cases","new_confirmed_cases","cumulative_deaths","new_deaths","hospitalized_currently","hospitalized_cumulative","InICU_currently","InICU_cumulative","OnVentilator_Currently","OnVentilator_Cumulative","Recovered_Cumulative","cumulative_confirmed_cases_0_9","cumulative_confirmed_cases_10_19","cumulative_confirmed_cases_20_29","cumulative_confirmed_cases_30_39","cumulative_confirmed_cases_40_49","cumulative_confirmed_cases_50_59","cumulative_confirmed_cases_60_69","cumulative_confirmed_cases_70_79","cumulative_confirmed_cases_80plus","cumulative_confirmed_hospitalizations_0_9","cumulative_confirmed_hospitalizations_10_19","cumulative_confirmed_hospitalizations_20_29","cumulative_confirmed_hospitalizations_30_39","cumulative_confirmed_hospitalizations_40_49","cumulative_confirmed_hospitalizations_50_59","cumulative_confirmed_hospitalizations_60_69","cumulative_confirmed_hospitalizations_70_79","cumulative_confirmed_hospitalizations_80plus","cumulative_confirmed_deaths_0_9","cumulative_confirmed_deaths_10_19","cumulative_confirmed_deaths_20_29","cumulative_confirmed_deaths_30_39","cumulative_confirmed_deaths_40_49","cumulative_confirmed_deaths_50_59","cumulative_confirmed_deaths_60_69","cumulative_confirmed_deaths_70_79","cumulative_confirmed_deaths_80plus","Cumulative_hospital_deaths","Cumulative_hospital_discharges"
43888,58,2,27,0,,0,,1,1,0,,0,,,,,,,,,,,,,,,,,,,,,,,,,,,,,,0,0
43889,59,2,28,0,,0,,1,1,1,,0,,,,,,,,,,,,,,,,,,,,,,,,,,,,,,0,0
43890,60,2,29,0,,0,,1,1,1,,0,,,,,,,,,,,,,,,,,,,,,,,,,,,,,,0,0
43891,61,3,1,1,,0,,1,1,1,,1,,,,,,,,,,,,,,,,,,,,,,,,,,,,,,0,0
43892,62,3,2,1,,0,,2,2,2,,2,,,,,,,,,,,,,,,,,,,,,,,,,,,,,,0,0
43893,63,3,3,1,,0,,2,2,2,,2,,,,,,,,,,,,,,,,,,,,,,,,,,,,,,0,0
43894,64,3,4,2,,0,,3,3,2,,2,,,,,,,,,,,,,,,,,,,,,,,,,,,,,,0,0
43895,65,3,5,2,,0,,3,3,2,,2,,,,,,,,,,,,,,,,,,,,,,,,,,,,,,0,0
43896,66,3,6,2,,0,,3,3,2,,2,,,,,,,,,,,,,,,,,,,,,,,,,,,,,,0,0
43897,67,3,7,2,,0,,3,3,2,,1,,,,,,,,,,,,,,,,,,,,,,,,,,,,,,0,0
43898,68,3,8,3,,0,,3,3,2,,1,,,,,,,,,,,,,,,,,,,,,,,,,,,,,,0,0
43899,69,3,9,4,,0,,3,3,2,,1,,,,,,,,,,,,,,,,,,,,,,,,,,,,,,0,0
43900,70,3,10,6,,0,,3,3,2,,1,,,,,,,,,,,,,,,,,,,,,,,,,,,,,,0,0
43901,71,3,11,14,,0,,4,4,1,,1,,,,,,,,,,,,,,,,,,,,,,,,,,,,,,0,0
43902,72,3,12,20,,0,,5,5,1,,1,,,,,,,,,,,,,,,,,,,,,,,,,,,,,,0,0
43903,73,3,13,20,,0,,8,9,1,,1,,,,,,,,,,,,,,,,,,,,,,,,,,,,,,0,1
43904,74,3,14,20,,0,,8,9,1,,1,,,,,,,,,,,,,,,,,,,,,,,,,,,,,,0,1
43905,75,3,15,21,,0,,9,10,2,,1,,,,,,,,,,,,,,,,,,,,,,,,,,,,,,0,1
43906,76,3,16,24,,0,,11,12,2,,0,,,,,,,,,,,,,,,,,,,,,,,,,,,,,,0,1
43907,77,3,17,38,,0,,17,18,2,,0,,,,,,,,,,,,,,,,,,,,,,,,,,,,,,0,1
43908,78,3,18,48,,0,,20,21,2,,0,,,,,,,,,,,,,,,,,,,,,,,,,,,,,,0,1
43909,79,3,19,65,,1,,21,23,3,,0,,,,,,,,,,,,,,,,,,,,,,,,,,,,,,0,2
43910,80,3,20,79,,1,,26,28,4,,0,,,,,,,,,,,,,,,,,,,,,,,,,,,,,,0,2
43911,81,3,21,92,,1,,27,31,5,,0,,,,,,,,,,,,,,,,,,,,,,,,,,,,,,0,4
43912,82,3,22,117,,1,,29,33,5,,0,,,,,,,,,,,,,,,,,,,,,,,,,,,,,,0,4
43913,83,3,23,133,,1,,44,49,9,,3,,,,,,,,,,,,,,,,,,,,,,,,,,,,,,0,5
43914,84,3,24,152,,1,,52,57,10,,5,,,,,,,,,,,,,,,,,,,,,,,,,,,,,,0,5
43915,85,3,25,184,,1,,55,61,11,,4,,,,,,,,,,,,,,,,,,,,,,,,,,,,,,0,6
43916,86,3,26,223,,1,,59,70,14,,5,,,,,,,,,,,,,,,,,,,,,,,,,,,,,,0,11
43917,87,3,27,258,,3,,66,79,16,,6,,,,,,,,,,,,,,,,,,,,,,,,,,,,,,1,12
43918,88,3,28,324,,4,,74,90,15,,6,,,,,,,,,,,,,,,,,,,,,,,,,,,,,,2,14
43919,89,3,29,428,,6,,78,98,18,,8,,,,,,,,,,,,,,,,,,,,,,,,,,,,,,3,17
43920,90,3,30,510,,9,,92,117,19,,11,,,,,,,,,,,,,,,,,,,,,,,,,,,,,,3,22
43921,91,3,31,579,,11,,95,128,21,,13,,35,,,,,,,,,,,,,,,,,,,,,,,,,,,,4,29
43922,92,4,1,682,,12,,106,146,29,,15,,35,,,,,,,,,,,,,,,,,,,,,,,,,,,,4,36
43923,93,4,2,747,,16,,120,168,35,,21,,35,,,,,,,,,,,,,,,,,,,,,,,,,,,,6,42
43924,94,4,3,845,,19,,136,191,42,,25,,35,,,,,,,,,,,,,,,,,,,,,,,,,,,,6,49
43925,95,4,4,981,,28,,149,213,40,,29,,35,,,,,,,,,,,,,,,,,,,,,,,,,,,,11,53
43926,96,4,5,1163,,30,,159,233,43,,35,,35,0,13,104,136,123,176,150,86,89," ",,,,,,,,,,,,,,,,,,12,62
43927,97,4,6,1379,,37,,178,259,47,,39,,35,2.5,19,123,153,146,202,172,100,106," ",,,,,,,,,,,,,,,,,,12,69
43928,98,4,7,1639,,42,,192,278,49,,41,,35,2.5,23,132,170,165,240,196,115,133.5," ",,,,,,,,,,,,,,,,,,14,72
43929,99,4,8,1913,,52,,196,296,49,,37,,35,6,25,166,188,195,289,226,127,155.5," ",,,,,,,,,,,,,,,,,,19,81
43930,100,4,9,2199,,59,,216,328,53,,40,,35,8,36,204,231,239,335,275,155,198.5," ",,,,,,,,,,,,,,,,,,23,89
43931,101,4,10,2592,,70,,223,357,59,,41,,35,9,46,244,259,284,393,313,170,231.5," ",,,,,,,,,,,,,,,,,,28,106
43932,102,4,11,2873,,82,,239,386,61,,48,,35,11,52,279,287,317,441,348,191,263.5," ",,,,,,,,,,,,,,,,,,30,117
43933,103,4,12,3164,,91,,257,421,59,,49,,35,,,,,,,,,,,,,,,,,,,,,,,,,,,,35,129
43934,104,4,13,3347,,100,,275,455,64,,54,,135,,,,,,,,,,,,,,,,,,,,,,,,,,,,38,142
43935,105,4,14,3614,,108,,279,482,72,,53,,135,,,,,,,,,,,,,,,,,,,,,,,,,,,,43,160
43936,106,4,15,3932,,125,,287,512,72,,54,,168,22,94,422,427,485,611,467,279,340,,,,,,,,,,,,,,,,,,,46,179
43937,107,4,16,4312,,139,,292,546,72,,53,,182,29,112,500,501,545,686,505,300,377,,,,,,,,,,,,,,,,,,,52,202
43938,108,4,17,4600,,160,,296,577,66,,45,,196,34,124,543,554,601,737,554,316,404,,,,,,,,,,,,,,,,,,,59,222
43939,109,4,18,4885,,175,,300,603,63,,49,,217,40,137,587,602,655,799,597,353,438,,,,,,,,,,,,,,,,,,,63,240
43940,110,4,19,5226,,186,,296,626,65,,55,,244,48,147,624,647,708,856,637,380,490,,,,,,,,,,,,,,,,,,,64,266
43941,111,4,20,5602,,196,,311,671,75,,56,,,51,159,660,707,782,917,671,400,511,,,,,,,,,,,,,,,,,,,66,294
43942,112,4,21,5984,,214,,319,715,72,,56,,,57,176,713,753,830,970,702,410,529,,,,,,,,,,,,,,,,,,,71,325
43943,113,4,22,6374,,232,,323,755,73,,58,,,59,193,760,831,895,1030,746,458,584,,,,,,,,,,,,,,,,,,,76,356
43944,114,4,23,6799,,247,,321,785,76,,62,,,,,,,,,,,,,,,,,,,,,,,,,,,,,,81,383
43945,115,4,24,7207,,262,,325,820,85,,63,,,71,220,846,954,991,1148,833,522,712,0,0,24,34,86,125,155,130,131.5,0,0,2.5,2.5,2.5,12,26,55,115.5,85,410
43946,116,4,25,7510,,276,,337,854,85,,62,,,78,235,903,1022,1046,1205,882,541,745,,,,,,,,,," ",,,,,,,,,90,427
43947,117,4,26,7794,,290,,352,887,86,,59,,,87,259,961,1076,1089,1257,912,571,780,0,0,26,35,87,129,159,135,137.5,0,0,2.5,2.5,2.5,13,26,59,121.5,93,442
43948,118,4,27,7998,,300,,356,915,86,,61,,,101,283,1006,1134,1146,1305,939,594,812,0,0,26,38,89,133,161,137,142.5,0,0,2.5,2.5,2.5,14,27,60,125.5,97,462
43949,119,4,28,8349,,322,,373,958,88,,59,,,107,286,1020,1148,1160,1324,950,609,825,0,0,26,40,90,136,163,145,144.5,0,0,2.5,2.5,2.5,15,28,62,127.5,100,485
43950,120,4,29,8704,,340,,359,993,78,,53,,,125,320,1022,1231,1248,1407,1056,677,925,0,0,26,41,91,142,165,147,146.5,0,0,2.5,2.5,2.5,16,29,65,134.5,111,523
43951,121,4,30,9054,,364,,350,1023,83,,58,,,135,338,1024,1278,1303,1458,1073,694,950,,,,,,,,,,0,0,2.5,2.5,2.5,16,30,69,143.5,117,556
43952,122,5,1,9348,,378,,360,1071,84,,59,,,153,363,1214,1342,1363,1537,1097,705,966,0,2.5,31,66,114,187,214,172,173,0,0,2.5,2.5,2.5,17,30,74,152,120,591
43953,123,5,2,9540,,402,,352,1105,94,,64,,,175,405,1296,1459,1452,1613,1151,755,1033,2.5,2.5,32,75,126,200,236,192,187,0,0,2.5,5,5,19,33,82,175,124,629
43954,124,5,3,9720,,423,,350,1135,91,,62,,,178,418,1314,1486,1481,1642,1168,761,1057,2.5,2.5,33,80,128,206,242,198,195,0,0,2.5,5,6,19,35,83,192,132,653
43955,125,5,4,9996,,441,,343,1164,89,,59,,,,,,,,,,,,,,,,,,,,,,,,,,,,,,138,683
43956,126,5,5,10298,,457,,334,1188,83,,56,,,,,,,,,,,,,,,,,,,,,,,,,,,,,,144,710
43957,127,5,6,10622,,478,,309,1214,81,,56,,,,,,,,,,,,,,,,,,,,,,,,,,,,,,153,752
43958,128,5,7,10892,,499,,296,1246,73,,54,,,,,,,,,,,,,,,,,,,,,,,,,,,,,,159,791
43959,129,5,8,11122,,521,,292,1275,73,,55,,,,,,,,,,,,,,,,,,,,,,,,,,,,,,166,817
43960,130,5,9,11408,,536,,289,1294,71,,53,,,,,,,,,,,,,,,,,,,,,,,,,,,,,,170,835
43961,131,5,10,11597,,550,,280,1312,72,,51,,,,,,,,,,,,,,,,,,,,,,,,,,,,,,176,856
43962,132,5,11,11772,,565,,289,1342,73,,51,,,,,,,,,,,,,,,,,,,,,,,,,,,,,,182,871
43963,133,5,12,11993,,587,,290,1365,71,,50,,,,,,,,,,,,,,,,,,,,,,,,,,,,,,186,889
43964,134,5,13,12189,,600,,288,1388,71,,51,,,,,,,,,,,,,,,,,,,,,,,,,,,,,,187,913
43965,135,5,14,12418,,616,,277,1406,66,,47,,,,,,,,,,,,,,,,,,,,,,,,,,,,,,190,939
43966,136,5,15,12654,,630,,256,1430,63,,47,,,,,,,,,,,,,,,,,,,,,,,,,,,,,,195,979
43967,137,5,16,12899,,645,,261,1455,62,,47,,,,,,,,,,,,,,,,,,,,,,,,,,,,,,200,994
43968,138,5,17,13021,,655,,264,1472,60,,46,,,,,,,,,,,,,,,,,,,,,,,,,,,,,,205,1003
43969,139,5,18,13159,,673,,262,1490,58,,41,,,,,,,,,,,,,,,,,,,,,,,,,,,,,,210,1018
43970,140,5,19,13370,,684,,247,1513,57,,39,,,,,,,,,,,,,,,,,,,,,,,,,,,,,,215,1051
43971,141,5,20,13552,,706,,236,1532,53,,34,,,,,,,,,,,,,,,,,,,,,,,,,,,,,,222,1074
43972,142,5,21,13719,,726,,243,1557,54,,30,,,,,,,,,,,,,,,,,,,,,,,,,,,,,,225,1089
43973,143,5,22,13922,,737,,230,1577,53,,30,,,,,,,,,,,,,,,,,,,,,,,,,,,,,,230,1117
43974,144,5,23,14028,,750,,235,1596,53,,33,,,,,,,,,,,,,,,,,,,,,,,,,,,,,,233,1128
43975,145,5,24,14113,,758,,232,1609,54,,36,,,,,,,,,,,,,,,,,,,,,,,,,,,,,,235,1142
43976,146,5,25,14187,,768,,232,1623,54,,34,,,,,,,,,,,,,,,,,,,,,,,,,,,,,,235,1156
43977,147,5,26,14341,,783,,230,1647,49,,33,,,317,658,2063,2179,2140,2238,1586,1071,1647,7,12,56,116,183,280,341,308,309.5,0,0,2.5,6,8,33,69,163,373,240,1177
43978,148,5,27,14470,,793,,229,1667,51,,33,,,328,675,2082,2201,2158,2248,1605,1086,1655,7,12,58,117,184,282,344,315,313.5,0,0,2.5,6,9,33,71,168,387,243,1195
43979,149,5,28,14598,,801,,214,1683,47,,32,,,337,679,2101,2224,2176,2261,1619,1093,1670,7,12,60,117,189,283,351,317,319.5,0,0,2.5,6,9,35,72,174,394,247,1222
43980,150,5,29,14772,,813,,200,1702,43,,31,,,,,,,,,,,,,,,,,,,,,,,,,,,,,,254,1248
43981,151,5,30,14881,,825,,193,1718,41,,29,,,351,696,2151,2296,2230,2304,1642,1114,1724,8,12,61,121,197,289,363,336,328.5,0,0,2.5,6,9,35,74,185,408,258,1267
43982,152,5,31,14956,,828,,191,1729,44,,26,,,,,,,,,,,,,,,,,,,,,,,,,,,,,,259,1279
43983,153,6,1,15051,,833,,185,1737,45,,29,,,,,,,,,,,,,,,,,,,,,,,,,,,,,,260,1292
43984,154,6,2,15147,,843,,181,1745,38,,25,,,,,,,,,,,,,,,,,,,,,,,,,,,,,,263,1301
43985,155,6,3,15247,,854,,171,1758,34,,25,,,,,,,,,,,,,,,,,,,,,,,,,,,,,,269,1318
43986,156,6,4,15355,,866,,148,1765,31,,24,,,,,,,,,,,,,,,,,,,,,,,,,,,,,,273,1344
43987,157,6,5,15453,,877,,144,1780,27,,21,,,376,744,2261,2393,2350,2395,1700,1145,1777,8,13,69,127,207,300,379,352,352,0,0,2.5,6,9,35,81,207,459,279,1357
43988,158,6,6,15519,,883,,145,1789,29,,19,,,,,,,,,,,,,,,,,,,,,,,,,,,,,,281,1363
43989,159,6,7,15568,,887,,148,1800,25,,17,,,,,,,,,,,,,,,,,,,,,,,,,,,,,,282,1370
43990,160,6,8,15613,,891,,148,1815,27,,18,,,,,,,,,,,,,,,,,,,,,,,,,,,,,,284,1383
43991,161,6,9,15678,,892,,139,1825,28,,21,,,,,,,,,,,,,,,,,,,,,,,,,,,,,,284,1402
43992,162,6,10,15779,,896,,138,1838,24,,17,,,,,,,,,,,,,,,,,,,,,,,,,,,,,,286,1414
43993,163,6,11,15867,,902,,129,1843,25,,16,,,,,,,,,,,,,,,,,,,,,,,,,,,,,,287,1427
43994,164,6,12,15945,,904,,121,1852,24,,16,,,,,,,,,,,,,,,,,,,,,,,,,,,,,,288,1443
43995,165,6,13,15993,,907,,122,1858,20,,15,,,,,,,,,,,,,,,,,,,,,,,,,,,,,,288,1448
43996,166,6,14,16025,,910,,120,1865,20,,14,,,395,773,2346,2453,2403,2453,1746,1171,1853,9,16,77,134,218,312,391,362,363,0,2.5,2.5,6,11,38,87,215,492,289,1456
43997,167,6,15,16100,,915,,115,1877,20,,16,,,,,,,,,,,,,,,,,,,,,,,,,,,,,,289,1473
43998,168,6,16,16151,,923,,116,1888,22,,16,,,,,,,,,,,,,,,,,,,,,,,,,,,,,,290,1482
43999,169,6,17,16202,,929,,107,1902,18,,14,,,,,,,,,,,,,,,,,,,,,,,,,,,,,,294,1501
44000,170,6,18,16271,,936,,100,1911,19,,16,,,,,,,,,,,,,,,,,,,,,,,,,,,,,,295,1516
44001,171,6,19,16330,,939,,100,1924,21,,18,,,,,,,,,,,,,,,,,,,,,,,,,,,,,,296,1528
44002,172,6,20,16365,,943,,97,1932,21,,19,,,407,803,2419,2517,2438,2499,1776,1197,1891,13,18,78,141,223,319,400,375,377,0,2.5,2.5,6,11,41,91,226,526,296,1539
44003,173,6,21,16396,,945,,100,1940,21,,19,,,,,,,,,,,,,,,,,,,,,,,,,,,,,,296,1544
44004,174,6,22,16455,,947,,95,1950,20,,19,,,,,,,,,,,,,,,,,,,,,,,,,,,,,,296,1559
44005,175,6,23,16533,,954,,82,1953,19,,19,,,,,,,,,,,,,,,,,,,,,,,,,,,,,,299,1572
44006,176,6,24,16579,,959,,80,1959,19,,19,,,,,,,,,,,,,,,,,,,,,,,,,,,,,,300,1579
44007,177,6,25,16627,,960,,71,1964,18,,18,,,,,,,,,,,,,,,,,,,,,,,,,,,,,,301,1592
44008,178,6,26,16688,,961,,63,1966,19,,19,,,,,,,,,,,,,,,,,,,,,,,,,,,,,,301,1602
44009,179,6,27,16725,,966,,64,1971,18,,18,,,,,,,,,,,,,,,,,,,,,,,,,,,,,,302,1605
44010,180,6,28,16741,,972,,60,1975,16,,15,,,,,,,,,,,,,,,,,,,,,,,,,,,,,,306,1609
44011,181,6,29,16783,,973,,59,1979,15,,15,,,419,825,2514,2558,2464,2525,1803,1207,1910,14,20,90,142,227,323,406,382,385,0,2.5,2.5,6,11,42,91,233,561,306,1614
44012,182,6,30,16821,,978,,54,1980,13,,12,,,,,,,,,,,,,,,,,,,,,,,,,,,,,,307,1619
44013,183,7,1,16894,,979,,52,1988,12,,12,,,,,,,,,,,,,,,,,,,,,,,,,,,,,,307,1629
44014,184,7,2,16954,,982,,51,1993,11,,11,,,,,,,,,,,,,,,,,,,,,,,,,,,,,,308,1634
44015,185,7,3,16981,,985,,54,2002,10,,10,,,,,,,,,,,,,,,,,,,,,,,,,,,,,,308,1640
44016,186,7,4,17013,,987,,51,2004,11,,10,,,,,,,,,,,,,,,,,,,,,,,,,,,,,,309,1644
44017,187,7,5,17038,,989,,49,2005,9,,9,,,,,,,,,,,,,,,,,,,,,,,,,,,,,,310,1646
44018,188,7,6,17086,,993,,49,2010,10,,10,,,,,,,,,,,,,,,,,,,,,,,,,,,,,,310,1651
44019,189,7,7,17136,,995,,47,2015,9,,9,,,,,,,,,,,,,,,,,,,,,,,,,,,,,,310,1658
44020,190,7,8,17201,,995,,49,2019,10,,9,,,443,847,2574,2600,2495,2569,1822,1217,1923,14,21,92,144,230,328,408,388,388,0,2.5,2.5,6,12,44,94,235,567,310,1660
44021,191,7,9,17249,,995,,55,2028,10,,9,,,,,,,,,,,,,,,,,,,,,,,,,,,,,,310,1663
44022,192,7,10,17314,,998,,56,2034,8,,7,,,,,,,,,,,,,,,,,,,,,,,,,,,,,,312,1666
44023,193,7,11,17347,,1001,,58,2040,7,,6,,,,,,,,,,,,,,,,,,,,,,,,,,,,,,313,1669
44024,194,7,12,17387,,1004,,55,2041,7,,5,,,,,,,,,,,,,,,,,,,,,,,,,,,,,,314,1672
44025,195,7,13,17455,,1005,,53,2049,7,,5,,,456,913,2709,2708,2590,2629,1867,1245,1937,16,24,96,149,236,336,415,400,397,0,2.5,2.5,6,14,45,100,240,580,314,1682
44026,196,7,14,17505,,1006,,56,2056,5,,5,,,,,,,,,,,,,,,,,,,,,,,,,,,,,,314,1686
44027,197,7,15,17600,,1006,,54,2061,5,,4,,,,,,,,,,,,,,,,,,,,,,,,,,,,,,314,1693
44028,198,7,16,17685,,1007,,51,2067,6,,5,,,,,,,,,,,,,,,,,,,,,,,,,,,,,,314,1702
44029,199,7,17,17783,,1009,,61,2081,5,,5,,,,,,,,,,,,,,,,,,,,,,,,,,,,,,315,1705
44030,200,7,18,17858,,1013,,56,2086,5,,4,,,,,,,,,,,,,,,,,,,,,,,,,,,,,,316,1714
44031,201,7,19,17919,,1015,,60,2093,6,,4,,,,,,,,,,,,,,,,,,,,,,,,,,,,,,316,1717
44032,202,7,20,17983,,1017,,62,2102,7,,5,,,,,,,,,,,,,,,,,,,,,,,,,,,,,,316,1724
44033,203,7,21,18074,,1018,,60,2110,9,,6,,,,,,,,,,,,,,,,,,,,,,,,,,,,,,316,1734
44034,204,7,22,18160,,1019,,58,2117,7,,6,,,,,,,,,,,,,,,,,,,,,,,,,,,,,,317,1742
44035,205,7,23,18268,,1019,,60,2125,8,,7,,,474,944,2762,2757,2610,2656,1898,1252,1939,17,26,102,150,243,340,427,404,401,0,2.5,2.5,6,14,45,100,242,585,317,1748
44036,206,7,24,18387,,1019,,63,2140,9,,7,,,,,,,,,,,,,,,,,,,,,,,,,,,,,,317,1760
44037,207,7,25,18492,,1022,,63,2147,10,,8,,,,,,,,,,,,,,,,,,,,,,,,,,,,,,317,1767
44038,208,7,26,18546,,1023,,62,2154,11,,7,,,,,,,,,,,,,,,,,,,,,,,,,,,,,,317,1775
44039,209,7,27,18681,,1024,,67,2166,13,,8,,,500,1030,2926,2905,2686,2724,1948,1279,1952,18,27,110,157,248,351,441,413,405,0,2.5,2.5,7,15,45,102,243,588,317,1782
44040,210,7,28,18775,,1025,,67,2171,14,,7,,,,,,,,,,,,,,,,,,,,,,,,,,,,,,317,1787
44041,211,7,29,18927,,1025,,66,2179,15,,7,,,,,,,,,,,,,,,,,,,,,,,,,,,,,,317,1796
44042,212,7,30,19021,,1026,,69,2185,15,,6,,,,,,,,,,,,,,,,,,,,,,,,,,,,,,318,1798
44043,213,7,31,19107,,1027,,67,2192,15,,7,,,,,,,,,,,,,,,,,,,,,,,,,,,,,,318,1807
44044,214,8,1,19190,,1028,,72,2199,14,,7,,,,,,,,,,,,,,,,,,,,,,,,,,,,,,318,1809
44045,215,8,2,19243,,1030,,70,2211,14,,8,,,,,,,,,,,,,,,,,,,,,,,,,,,,,,320,1821
44046,216,8,3,19384,,1031,,71,2222,16,,7,,,,,,,,,,,,,,,,,,,,,,,,,,,,,,320,1831
44047,217,8,4,19485,,1033,,73,2230,12,,5,,,,,,,,,,,,,,,,,,,,,,,,,,,,,,321,1836
44048,218,8,5,19601,,1035,,74,2240,10,,5,,,,,,,,,,,,,,,,,,,,,,,,,,,,,,322,1844
44049,219,8,6,19714,,1035,,72,2247,9,,4,,,542,1097,3056,3011,2786,2808,2009,1307,1962,19,28,111,165,257,361,447,428,412,0,2.5,2.5,7,15,45,103,243,592,322,1853
44050,220,8,7,19806,,1037,,74,2259,9,,3,,,,,,,,,,,,,,,,,,,,,,,,,,,,,,323,1862
44051,221,8,8,19895,,1038,,86,2277,8,,3,,,,,,,,,,,,,,,,,,,,,,,,,,,,,,324,1867
44052,222,8,9,19930,,1038,,84,2283,9,,4,,,,,,,,,,,,,,,,,,,,,,,,,,,,,,324,1875
44053,223,8,10,20042,,1039,,83,2291,9,,4,,,,,,,,,,,,,,,,,,,,,,,,,,,,,,324,1884
44054,224,8,11,20135,,1042,,75,2296,10,,4,,,,,,,,,,,,,,,,,,,,,,,,,,,,,,324,1897
44055,225,8,12,20236,,1043,,72,2304,9,,3,,,,,,,,,,,,,,,,,,,,,,,,,,,,,,324,1908
44056,226,8,13,20324,,1043,,73,2317,11,,3,,,,,,,,,,,,,,,,,,,,,,,,,,,,,,324,1920
44057,227,8,14,20416,,1046,,75,2330,11,,4,,,578,1159,3208,3131,2889,2892,2071,1339,1996,22,30,119,178,267,372,458,441,421,0,2.5,2.5,7,16,46,104,244,595,324,1931
44058,228,8,15,20514,,1046,,72,2339,11,,5,,,,,,,,,,,,,,,,,,,,,,,,,,,,,,325,1942
44059,229,8,16,20581,,1053,,69,2345,8,,4,,,,,,,,,,,,,,,,,,,,,,,,,,,,,,329,1947
44060,230,8,17,20665,,1055,,71,2353,8,,5,,,,,,,,,,,,,,,,,,,,,,,,,,,,,,329,1953
44061,231,8,18,20750,,1060,,73,2364,8,,4,,,,,,,,,,,,,,,,,,,,,,,,,,,,,,330,1961
44062,232,8,19,20837,,1060,,71,2372,9,,5,,,,,,,,,,,,,,,,,,,,,,,,,,,,,,331,1970
44063,233,8,20,20994,,1063,,75,2384,10,,5,,,604,1235,3346,3230,2967,2988,2105,1372,2028,24,34,129,184,274,381,468,450,434,0,2.5,2.5,7,16,47,106,245,598,333,1976
44064,234,8,21,21138,,1065,,77,2392,9,,4,,,,,,,,,,,,,,,,,,,,,,,,,,,,,,334,1981
44065,235,8,22,21233,,1066,,76,2403,11,,4,,,,,,,,,,,,,,,,,,,,,,,,,,,,,,334,1993
44066,236,8,23,21287,,1067,,82,2414,12,,2,,,,,,,,,,,,,,,,,,,,,,,,,,,,,,334,1998
44067,237,8,24,21369,,1068,,78,2421,14,,4,,,,,,,,,,,,,,,,,,,,,,,,,,,,,,335,2008
44068,238,8,25,21461,,1069,,83,2431,12,,4,,,,,,,,,,,,,,,,,,,,,,,,,,,,,,336,2012
44069,239,8,26,21586,,1070,,79,2435,10,,5,,,,,,,,,,,,,,,,,,,,,,,,,,,,,,336,2020
44070,240,8,27,21661,,1072,,70,2441,7,,5,,,,,,,,,,,,,,,,,,,,,,,,,,,,,,337,2034
44071,241,8,28,21729,,1074,,80,2455,10,,7,,,,,,,,,,,,,,,,,,,,,,,,,,,,,,337,2038
44072,242,8,29,21788,,1076,,77,2461,11,,6,,,,,,,,,,,,,,,,,,,,,,,,,,,,,,338,2046
44073,243,8,30,21833,,1078,,80,2468,9,,5,,,,,,,,,,,,,,,,,,,,,,,,,,,,,,338,2050
44074,244,8,31,21919,,1079,,76,2480,8,,4,,,,,,,,,,,,,,,,,,,,,,,,,,,,,,338,2066
44075,245,9,1,21988,,1081,,72,2486,7,,4,,,,,,,,,,,,,,,,,,,,,,,,,,,,,,339,2075
44076,246,9,2,22084,,1083,,70,2495,8,,4,,,,,,,,,,,,,,,,,,,,,,,,,,,,,,340,2085
44077,247,9,3,22166,,1086,,70,2503,9,,4,,,,,,,,,,,,,,,,,,,,,,,,,,,,,,340,2093
44078,248,9,4,22246,,1087,,77,2514,9,,4,,,,,,,,,,,,,,,,,,,,,,,,,,,,,,340,2097
44079,249,9,5,22283,,1088,,74,2520,8,,3,,,,,,,,,,,,,,,,,,,,,,,,,,,,,,340,2106
44080,250,9,6,22345,,1089,,69,2524,6,,3,,,658,1424,3603,3436,3158,3151,2216,1450,2096,30,40,142,201,296,399,491,475,450,0,2.5,2.5,7,16,49,109,247,613,341,2114
44081,251,9,7,22372,,1090,,77,2535,5,,3,,,,,,,,,,,,,,,,,,,,,,,,,,,,,,341,2117
44082,252,9,8,22444,,1092,,70,2541,6,,3,,,,,,,,,,,,,,,,,,,,,,,,,,,,,,342,2129
44083,253,9,9,22549,,1093,,74,2551,9,,3,,,,,,,,,,,,,,,,,,,,,,,,,,,,,,343,2134
44084,254,9,10,22662,,1094,,75,2560,10,,3,,,,,,,,,,,,,,,,,,,,,,,,,,,,,,343,2142
44085,255,9,11,22765,,1094,,75,2570,10,,5,,,,,,,,,,,,,,,,,,,,,,,,,,,,,,343,2152
44086,256,9,12,22863,,1097,,75,2577,9,,5,,,,,,,,,,,,,,,,,,,,,,,,,,,,,,345,2157
44087,257,9,13,22919,,1097,,76,2581,10,,5,,,,,,,,,,,,,,,,,,,,,,,,,,,,,,345,2160
44088,258,9,14,23012,,1099,,78,2588,10,,5,,,,,,,,,,,,,,,,,,,,,,,,,,,,,,347,2163
44089,259,9,15,23136,,1101,,82,2595,10,,5,,,,,,,,,,,,,,,,,,,,,,,,,,,,,,348,2165
44090,260,9,16,23256,,1106,,80,2602,9,,6,,,,,,,,,,,,,,,,,,,,,,,,,,,,,,350,2172
44091,261,9,17,23401,,1106,,72,2609,8,,4,,,,,,,,,,,,,,,,,,,,,,,,,,,,,,350,2187
44092,262,9,18,23539,,1108,,71,2616,11,,6,,,,,,,,,,,,,,,,,,,,,,,,,,,,,,351,2194
44093,263,9,19,23652,,1112,,75,2623,10,,6,,,,,,,,,,,,,,,,,,,,,,,,,,,,,,351,2197
44094,264,9,20,23695,,1116,,74,2630,9,,8,,,712,1598,3816,3621,3292,3301,2330,1523,2175,32,48,152,207,304,411,517,497,476,0,2.5,2.5,7,16,49,113,251,633,353,2203
44095,265,9,21,23793,,1118,,81,2642,8,,6,,,,," ",,,,,,,,," ",,,,,,,,,,,,,,,,355,2206
44096,266,9,22,23920,,1119,,89,2654,7,,5,,,,,,,,,,,,,,,,,,,,,,,,,,,,,,356,2209
44097,267,9,23,24040,,1119,,94,2666,6,,5,,,,,,,,,,,,,,,,,,,,,,,,,,,,,,356,2216
44098,268,9,24,24165,,1120,,93,2673,7,,5,,,,,,,,,,,,,,,,,,,,,,,,,,,,,,357,2223
44099,269,9,25,24307,,1121,,92,2682,6,,5,,,747,1674,4056,3701,3370,3370,2372,1546,2216,32,48,155,212,305,419,532,503,490,0,2.5,2.5,7,16,50,115,260,641,357,2233
44100,270,9,26,24435,,1122,,95,2694,6,,5,,,,,,,,,,,,,,,,,,,,,,,,,,,,,,358,2241
44101,271,9,27,24472,,1122,,96,2700,9,,5,,,,,,,,,,,,,,,,,,,,,,,,,,,,,,358,2246
44102,272,9,28,24613,,1124,,94,2707,7,,5,,,,,,,,,,,,,,,,,,,,,,,,,,,,,,360,2253
44103,273,9,29,24796,,1125,,87,2719,6,,6,,,,,,,,,,,,,,,,,,,,,,,,,,,,,,361,2271
44104,274,9,30,24982,,1126,,88,2725,6,,6,,,,,,,,,,,,,,,,,,,,,,,,,,,,,,361,2276
44105,275,10,1,25147,,1128,,91,2742,6,,4,,,790,1748,4226,3761,3410,3410,2395,1561,2244,33,49,157,214,310,429,545,516,513,0,2.5,2.5,7,16,50,117,261,652,362,2289
44106,276,10,2,25331,,1130,,91,2756,8,,5,,,,,,,,,,,,,,,,,,,,,,,,,,,,,,363,2302
44107,277,10,3,25471,,1132,,90,2764,9,,4,,,,,,,,,,,,,,,,,,,,,,,,,,,,,,365,2309
44108,278,10,4,25549,,1134,,91,2775,8,,5,,,,,,,,,,,,,,,,,,,,,,,,,,,,,,366,2318
44109,279,10,5,25720,,1138,,109,2804,9,,6,,,,,,,,,,,,,,,,,,,,,,,,,,,,,,368,2327
44110,280,10,6,25900,,1138,,116,2815,11,,7,,,,,,,,,,,,,,,,,,,,,,,,,,,,,,368,2331
44111,281,10,7,26147,,1140,,113,2828,9,,7,,,,,,,,,,,,,,,,,,,,,,,,,,,,,,370,2345
44112,282,10,8,26416,,1144,,115,2845,7,,5,,,830,1876,4511,3901,3496,3518,2461,1597,2289,36,52,163,222,316,442,554,527,525,0,2.5,2.5,7,16,50,118,263,661,372,2358
44113,283,10,9,26614,,1147,,124,2866,10,,7,,,,,,,,,,,,,,,,,,,,,,,,,,,,,,372,2370
44114,284,10,10,26797,,1149,,132,2884,13,,7,,,,,,,,,,,,,,,,,,,,,,,,,,,,,,373,2379
44115,285,10,11,26888,,1155,,134,2895,14,,5,,,,,,,,,,,,,,,,,,,,,,,,,,,,,,374,2387
44116,286,10,12,27060,,1160,,136,2914,14,,5,,,,,,,,,,,,,,,,,,,,,,,,,,,,,,376,2402
44117,287,10,13,27283,,1167,,135,2930,13,,5,,,,,,,,,,,,,,,,,,,,,,,,,,,,,,380,2415
44118,288,10,14,27580,,1169,,145,2947,15,,5,,,,,,,,,,,,,,,,,,,,,,,,,,,,,,380,2422
44119,289,10,15,27824,,1171,,140,2958,13,,5,,,869,2046,4837,4064,3643,3712,2571,1638,2325,36,53,170,228,328,452,571,548,561,0,2.5,2.5,7,16,51,119,264,670,381,2437
44120,290,10,16,28115,,1173,,134,2971,13,,4,,,,,,,,,,,,,,,,,,,,,,,,,,,,,,382,2455
44121,291,10,17,28414,,1175,,140,2989,17,,4,,,,,,,,,,,,,,,,,,,,,,,,,,,,,,383,2466
44122,292,10,18,28540,,1177,,147,3007,17,,6,,,,,,,,,,,,,,,,,,,,,,,,,,,,,,383,2477
44123,293,10,19,28853,,1178,,145,3027,15,,6,,,,,,,,,,,,,,,,,,,,,,,,,,,,,,385,2497
44124,294,10,20,29231,,1182,,151,3049,14,,8,,,,,,,,,,,,,,,,,,,,,,,,,,,,,,385,2513
44125,295,10,21,29706,,1185,,164,3072,15,,9,,,946,2203,5181,4299,3856,3955,2746,1709,2376,36,55,175,233,337,468,596,569,586,0,2.5,2.5,7,16,51,122,266,688,387,2521
44126,296,10,22,30229,,1188,,165,3096,14,,9,,,,,,,,,,,,,,,,,,,,,,,,,,,,,,390,2541
44127,297,10,23,30683,,1191,,164,3118,15,,9,,,,,,,,,,,,,,,,,,,,,,,,,,,,,,391,2563
44128,298,10,24,31017,,1192,,170,3135,14,,8,,,,,,,,,,,,,,,,,,,,,,,,,,,,,,391,2574
44129,299,10,25,31208,,1194,,170,3151,15,,8,,,,,,,,,,,,,,,,,,,,,,,,,,,,,,392,2589
44130,300,10,26,31591,,1197,,181,3179,18,,8,,,,,,,,,,,,,,,,,,,,,,,,,,,,,,394,2604
44131,301,10,27,32065,,1202,,193,3207,18,,9,,,,,,,,,,,,,,,,,,,,,,,,,,,,,,396,2618
44132,302,10,28,32488,,1205,,191,3231,17,,9,,,,,,,,,,,,,,,,,,,,,,,,,,,,,,397,2643
44133,303,10,29,32999,,1209,,186,3251,19,,11,,,1045,2472,5697,4783,4238,4296,2982,1822,2441,36,56,188,246,358,494,615,605,615,0,2.5,2.5,7,16,51,127,271,706,400,2665
44134,304,10,30,33480,,1214,,182,3273,19,,9,,,,,,,,,,,,,,,,,,,,,,,,,,,,,,405,2686
44135,305,10,31,33961,,1217,,200,3305,24,,11,,,,,,,,,,,,,,,,,,,,,,,,,,,,,,406,2699
44136,306,11,1,34240,,1221,,206,3327,28,,14,,,,,,,,,,,,,,,,,,,,,,,,,,,,,,407,2714
44137,307,11,2,34672,,1227,,214,3365,26,,14,,,,,,,,,,,,,,,,,,,,,,,,,,,,,,410,2741
44138,308,11,3,35230,,1228,,221,3398,26,,14,,,,,,,,,,,,,,,,,,,,,,,,,,,,,,411,2766
44139,309,11,4,35865,,1232,,226,3430,27,,13,,,,,,,,,,,,,,,,,,,,,,,,,,,,,,413,2791
44140,310,11,5,36546,,1236,,236,3476,26,,15,,,,,,,,,,,,,,,,,,,,,,,,,,,,,,414,2826
44141,311,11,6,37248,,1241,,247,3519,30,,18,,,1178,2792,6238,5249,4685,4722,3277,1979,2535,38,57,199,252,376,522,657,639,648,0,2.5,2.5,7,16,53,129,278,719,415,2857
44142,312,11,7,37832,,1242,,255,3553,33,,19,,,,,,,,,,,,,,,,,,,,,,,,,,,,,,416,2882
44143,313,11,8,38127,,1248,,261,3586,32,,20,,,,,,,,,,,,,,,,,,,,,,,,,,,,,,417,2908
44144,314,11,9,38893,,1252,,265,3625,30,,19,,,,,,,,,,,,,,,,,,,,,,,,,,,,,,419,2941
44145,315,11,10,39888,,1258,,274,3669,33,,19,,,,,,,,,,,,,,,,,,,,,,,,,,,,,,419,2976
44146,316,11,11,40926,,1267,,286,3710,32,,16,,,,,,,,,,,,,,,,,,,,,,,,,,,,,,424,3000
44147,317,11,12,41718,,1272,,291,3749,30,,16,,,1360,3206,6920,5845,5178,5296,3661,2184,2722,38,57,210,255,391,553,700,686,704,0,2.5,2.5,7,16,53,135,282,734,427,3031
44148,318,11,13,42802,,1274,,301,3790,29,,16,,,,,,,,,,,,,,,,,,,,,,,,,,,,,,427,3062
44149,319,11,14,43567,,1284,,312,3831,27,,14,,,,,,,,,,,,,,,,,,,,,,,,,,,,,,432,3087
44150,320,11,15,44074,,1292,,334,3878,30,,12,,,,,,,,,,,,,,,,,,,,,,,,,,,,,,437,3107
44151,321,11,16,44743,,1298,,348,3934,28,,14,,,,,,,,,,,,,,,,,,,,,,,,,,,,,,440,3146
44152,322,11,17,46147,,1303,,360,3992,32,,14,,,,,,,,,,,,,,,,,,,,,,,,,,,,,,442,3190
44153,323,11,18,47160,,1310,,356,4031,31,,16,,,,,,,,,,,,,,,,,,,,,,,,,,,,,,447,3228
44154,324,11,19,48197,,1316,,357,4078,32,,19,,,1599,3783,7975,6754,5931,6175,4270,2449,2928,42,59,223,269,415,598,751,737,769,0,2.5,2.5,7,17,54,137,289,755,451,3270
44155,325,11,20,49485,,1323,,355,4126,35,,15,,,,,,,,,,,,,,,,,,,,,,,,,,,,,,454,3317
44156,326,11,21,50228,,1333,,359,4168,37,,15,,,,,,,,,,,,,,,,,,,,,,,,,,,,,,459,3350
44157,327,11,22,50685,,1345,,392,4232,35,,16,,,,,,,,,,,,,,,,,,,,,,,,,,,,,,463,3377
44158,328,11,23,51589,,1357,,427,4306,42,,19,,,,,,,,,,,,,,,,,,,,,,,,,,,,,,463,3416
44159,329,11,24,52540,,1369,,408,4352,43,,22,,,,,,,,,,,,,,,,,,,,,,,,,,,,,,469,3475
44160,330,11,25,53750,,1376,,404,4411,44,,26,,,,,,,,,,,,,,,,,,,,,,,,,,,,,,473,3534
44161,331,11,26,54165,,1388,,415,4461,47,,25,,,1878,4461,9234,7814,6821,7218,4956,2775,3165,45,61,236,286,434,645,825,811,855,0,2.5,2.5,7,18,57,144,295,776,477,3569
44162,332,11,27,55147,,1397,,413,4513,48,,22,,,,,,,,,,,,,,,,,,,,,,,,,,,,,,484,3616
44163,333,11,28,56229,,1401,,439,4577,49,,22,,,,,,,,,,,,,,,,,,,,,,,,,,,,,,484,3654
44164,334,11,29,56988,,1411,,463,4639,50,,24,,,,,,,,,,,,,,,,,,,,,,,,,,,,,,487,3689
44165,335,11,30,58172,,1418,,469,4705,53,,30,,,,,,,,,,,,,,,,,,,,,,,,,,,,,,489,3747
44166,336,12,1,59619,,1431,,472,4767,52,,31,,,,,,,,,,,,,,,,,,,,,,,,,,,,,,493,3802
44167,337,12,2,61089,,1445,,469,4822,53,,30,,,,,,,,,,,,,,,,,,,,,,,,,,,,,,500,3853
44168,338,12,3,62701,,1457,,452,4886,49,,31,,,2181,5011,10206,8769,7618,8143,5579,3087,3527,48,65,246,304,453,681,883,876,945,0,2.5,2.5,7,19,58,153,300,816,505,3929
44169,339,12,4,64204,,1469,,466,4955,46,,29,,,,,,,,,,,,,,,,,,,,,,,,,,,,,,512,3977
44170,340,12,5,65302,,1486,,489,5021,48,,29,,,,,,,,,,,,,,,,,,,,,,,,,,,,,,516,4016
44171,341,12,6,66266,,1501,,493,5080,48,,25,,,,,,,,,,,,,,,,,,,,,,,,,,,,,,526,4061
44172,342,12,7,67535,,1525,,504,5150,47,,25,,,,,,,,,,,,,,,,,,,,,,,,,,,,,,531,4115
44173,343,12,8,68894,,1546,,503,5211,52,,29,,,,,,,,,,,,,,,,,,,,,,,,,,,,,,536,4172
44174,344,12,9,70292,,1561,,488,5267,49,,31,,,,,,,,,,,,,,,,,,,,,,,,,,,,,,545,4234
44175,345,12,10,71492,,1586,,488,5330,55,,30,,,2611,5929,11723,10141,8840,9487,6589,3574,3971,54,76,267,337,496,761,994,1001,1086,0,2.5,2.5,8,20,59,160,319,858,552,4290
44176,346,12,11,72753,,1606,,468,5398,61,,33,,,,,,,,,,,,,,,,,,,,,,,,,,,,,,559,4371
44177,347,12,12,73698,,1625,,470,5463,54,,32,,,,,,,,,,,,,,,,,,,,,,,,,,,,,,568,4425
44178,348,12,13,74226,,1655,,491,5537,56,,30,,,,,,,,,,,,,,,,,,,,,,,,,,,,,,581,4465
44179,349,12,14,75359,,1670,,503,5621,66,,32,,,,,,,,,,,,,,,,,,,,,,,,,,,,,,590,4528
44180,350,12,15,76404,,1686,,514,5692,63,,32,,,,,,,,,,,,,,,,,,,,,,,,,,,,,,595,4583
44181,351,12,16,77542,,1705,,489,5749,62,,34,,,,,,,,,,,,,,,,,,,,,,,,,,,,,,606,4654
44182,352,12,17,77937,,1722,,474,5795,61,,34,,,,,,,,,,,,,,,,,,,,,,,,,,,,,,614,4707
44183,353,12,18,78864,,1737,,452,5851,61,,35,,,3087,6732,13137,11399,9974,10836,7497,4024,4363,54,80,286,357,533,823,1095,1101,1222,0,2.5,2.5,9,22,60,179,340,918,625,4774
44184,354,12,19,79944,,1757,,462,5911,62,,40,,,,,,,,,,,,,,,,,,,,,,,,,,,,,,634,4815
44185,355,12,20,80384,,1771,,471,5969,64,,43,,,,,,,,,,,,,,,,,,,,,,,,,,,,,,642,4856
44186,356,12,21,81323,,1782,,486,6042,58,,40,,,,,,,,,,,,,,,,,,,,,,,,,,,,,,649,4907
44187,357,12,22,82243,,1800,,450,6093,58,,40,,,,,,,,,,,,,,,,,,,,,,,,,,,,,,659,4984
44188,358,12,23,83191,,1810,,443,6154,64,,41,,,,,,,,,,,,,,,,,,,,,,,,,,,,,,664,5047
44189,359,12,24,84087,,1826,,434,6206,67,,44,,,3424,7352,14117,12319,10761,11771,8220,4391,4735,59,89,305,380,563,879,1177,1209,1343,0,2.5,2.5,9,25,71,189,364,988,670,5102
44190,360,12,25,84335,,1847,,446,6257,64,,45,,,,,,,,,,,,,,,,,,,,,,,,,,,,,,683,5128
44191,361,12,26,85130,,1858,,458,6314,67,,54,,,,,,,,,,,,,,,,,,,,,,,,,,,,,,688,5168
44192,362,12,27,85838,,1871,,473,6359,68,,51,,,,,,,,,,,,,,,,,,,,,,,,,,,,,,696,5190
44193,363,12,28,87128,,1885,,480,6415,72,,50,,,,,,,,,,,,,,,,,,,,,,,,,,,,,,701,5234
44194,364,12,29,88342,,1902,,477,6474,70,,53,,,,,,,,,,,,,,,,,,,,,,,,,,,,,,707,5290
44195,365,12,30,89723,,1914,,475,6534,66,,49,,,,,,,,,,,,,,,,,,,,,,,,,,,,,,712,5347
44196,366,12,31,90613,,1933,,457,6590,60,,44,,,3696,7849,14925,13022,11399,12506,8808,4687,5053,62,94,314,401,583,929,1258,1301,1478,0,2.5,2.5,9,25,74,201,389,1033,726,5407
44197,367,1,1,91389,,1947,,452,6639,60,,46,,,,,,,,,,,,,,,,,,,,,,,,,,,,,,735,5452
44198,368,1,2,92269,,1961,,465,6690,59,,42,,,,,,,,,,,,,,,,,,,,,,,,,,,,,,740,5485
44199,369,1,3,92914,,1978,,455,6729,61,,42,,,,,,,,,,,,,,,,,,,,,,,,,,,,,,749,5525
44200,370,1,4,94074,,1997,,450,6796,64,,42,,,,,,,,,,,,,,,,,,,,,,,,,,,,,,761,5585
44201,371,1,5,95655,,2010,,445,6853,63,,41,,,,,,,,,,,,,,,,,,,,,,,,,,,,,,768,5640
44202,372,1,6,96874,,2029,,434,6913,58,,39,,,,,,,,,,,,,,,,,,,,,,,,,,,,,,780,5699
44203,373,1,7,98059,,2040,,426,6964,57,,36,,,,,,,,,,,,,,,,,,,,,,,,,,,,,,784,5754
44204,374,1,8,99246,,2053,,425,7020,54,,35,,,,,,,,,,,,,,,,,,,,,,,,,,,,,,790,5805
44205,375,1,9,100337,,2068,,445,7085,53,,33,,,,,,,,,,,,,,,,,,,,,,,,,,,,,,796,5844
44206,376,1,10,100989,,2083,,445,7130,56,,34,,,,,,,,,,,,,,,,,,,,,,,,,,,,,,801,5884
44207,377,1,11,101917,,2105,,449,7193,55,,36,,,,,,,,,,,,,,,,,,,,,,,,,,,,,,810,5934
44208,378,1,12,102900,,2120,,427,7254,57,,37,,,,,,,,,,,,,,,,,,,,,,,,,,,,,,818,6009
44209,379,1,13,103753,,2131,,434,7322,57,,37,,,,,,,,,,,,,,,,,,,,,,,,,,,,,,823,6065
44210,380,1,14,104768,,2141,,433,7386,59,,40,,,,,,,,,,,,,,,,,,,,,,,,,,,,,,828,6125
44211,381,1,15,105681,,2157,,411,7446,58,,38,,,,,,,,,,,,,,,,,,,,,,,,,,,,,,836,6199
44212,382,1,16,106437,,2172,,413,7502,60,,43,,,,,,,,,,,,,,,,,,,,,,,,,,,,,,839,6250
44213,383,1,17,106947,,2180,,415,7549,58,,42,,,,,,,,,,,,,,,,,,,,,,,,,,,,,,843,6291
44214,384,1,18,107439,,2199,,425,7609,57,,40,,,,,,,,,,,,,,,,,,,,,,,,,,,,,,851,6333
44215,385,1,19,108301,,2212,,423,7676,59,,40,,,,,,,,,,,,,,,,,,,,,,,,,,,,,,860,6393
44216,386,1,20,109200,,2237,,391,7721,53,,34,,,,,,,,,,,,,,,,,,,,,,,,,,,,,,871,6459
44217,387,1,21,110208,,2247,,383,7776,53,,32,,,,,,,,,,,,,,,,,,,,,,,,,,,,,,876,6517
44218,388,1,22,110951,,2262,,368,7829,56,,34,,,,,,,,,,,,,,,,,,,,,,,,,,,,,,886,6575
44219,389,1,23,111663,,2270,,391,7886,61,,35,,,,,,,,,,,,,,,,,,,,,,,,,,,,,,889,6606
44220,390,1,24,111994,,2286,,382,7929,61,,38,,,,,,,,,,,,,,,,,,,,,,,,,,,,,,898,6649
44221,391,1,25,112673,,2300,,370,7977,61,,39,,,,,,,,,,,,,,,,,,,,,,,,,,,,,,903,6704
44222,392,1,26,113331,,2312,,362,8025,58,,36,,,,,,,,,,,,,,,,,,,,,,,,,,,,,,912,6751
44223,393,1,27,114060,,2319,,351,8075,60,,33,,,,,,,,,,,,,,,,,,,,,,,,,,,,,,915,6809
44224,394,1,28,114685,,2334,,346,8109,56,,31,,,,,,,,,,,,,,,,,,,,,,,,,,,,,,919,6844
44225,395,1,29,115279,,2341,,331,8150,58,,34,,,,,,,,,,,,,,,,,,,,,,,,,,,,,,923,6896
44226,396,1,30,115853,,2349,,336,8189,53,,31,,,,,,,,,,,,,,,,,,,,,,,,,,,,,,927,6926
44227,397,1,31,116164,,2357,,334,8225,47,,26,,,,,,,,,,,,,,,,,,,,,,,,,,,,,,929,6962
44228,398,2,1,116366,,2368,,323,8259,45,,23,,,,,,,,,,,,,,,,,,,,,,,,,,,,,,936,7000
44229,399,2,2,116894,,2382,,319,8307,48,,24,,,,,,,,,,,,,,,,,,,,,,,,,,,,,,940,7048
44230,400,2,3,117564,,2396,,317,8356,47,,22,,,,,,,,,,,,,,,,,,,,,,,,,,,,,,946,7093
44231,401,2,4,118170,,2404,,303,8389,48,,23,,,,,,,,,,,,,,,,,,,,,,,,,,,,,,946,7140
44232,402,2,5,118674,,2410,,284,8414,51,,24,,,,,,,,,,,,,,,,,,,,,,,,,,,,,,949,7181
44233,403,2,6,119020,,2419,,281,8442,52,,23,,,5677,11599,20766,17940,15434,17148,12305,6486,6547,91,118,428,521,727,1208,1666,1750,2039,0,2.5,2.5,11,30,93,277,497,1319,952,7209
44234,404,2,7,119198,,2432,,275,8465,49,,24,,,,,,,,,,,,,,,,,,,,,,,,,,,,,,959,7231
44235,405,2,8,119561,,2440,,267,8488,46,,23,,,,,,,,,,,,,,,,,,,,,,,,,,,,,,960,7261
44236,406,2,9,120057,,2447,,263,8523,48,,24,,,,,,,,,,,,,,,,,,,,,,,,,,,,,,964,7296
44237,407,2,10,120510,,2458,,243,8553,44,,23,,,,,,,,,,,,,,,,,,,,,,,,,,,,,,970,7340
44238,408,2,11,120911,,2469,,236,8584,43,,23,,,,,,,,,,,,,,,,,,,,,,,,,,,,,,974,7374
44239,409,2,12,121295,,2474,,226,8603,41,,22,,,,,,,,,,,,,,,,,,,,,,,,,,,,,,976,7401
44240,410,2,13,121614,,2484,,210,8624,38,,20,,,,,,,,,,,,,,,,,,,,,,,,,,,,,,980,7434
44241,411,2,14,121828,,2488,,221,8650,38,,24,,,,,,,,,,,,,,,,,,,,,,,,,,,,,,980,7449
44242,412,2,15,122140,,2491,,220,8678,33,,23,,,,,,,,,,,,,,,,,,,,,,,,,,,,,,983,7475
44243,413,2,16,122534,,2500,,196,8699,34,,21,,,,,,,,,,,,,,,,,,,,,,,,,,,,,,986,7517
44244,414,2,17,122919,,2502,,194,8724,30,,21,,,,,,,,,,,,,,,,,,,,,,,,,,,,,,986,7544
44245,415,2,18,123253,,2506,,191,8742,34,,20,,,5845,11918,21305,18305,15705,17465,12547,6621,6631,92,122,447,539,742,1230,1704,1789,2088,0,2.5,2.5,11,30,101,287,526,1370,988,7563
44246,416,2,19,123609,,2512,,177,8765,28,,18,,,,,,,,,,,,,,,,,,,,,,,,,,,,,,991,7597
44247,417,2,20,123885,,2516,,190,8802,28,,18,,,,,,,,,,,,,,,,,,,,,,,,,,,,,,993,7619
44248,418,2,21,124083,,2519,,180,8808,32,,18,,,,,,,,,,,,,,,,,,,,,,,,,,,,,,995,7633
44249,419,2,22,124431,,2522,,179,8824,31,,17,,,,,,,,,,,,,,,,,,,,,,,,,,,,,,995,7650
44250,420,2,23,124877,,2528,,177,8851,31,,18,,,,,,,,,,,,,,,,,,,,,,,,,,,,,,997,7677
44251,421,2,24,125288,,2533,,182,8879,32,,20,,,,,,,,,,,,,,,,,,,,,,,,,,,,,,999,7698
44252,422,2,25,125748,,2538,,178,8898,29,,20,,,5989,12173,21762,18624,15967,17758,12750,6720,6671,96,123,458,545,751,1258,1716,1842,2104,0,2.5,2.5,11,31,105,295,552,1462,1002,7718
44253,423,2,26,126124,,2538,,179,8924,29,,21,,,,,,,,,,,,,,,,,,,,,,,,,,,,,,1003,7742
44254,424,2,27,126466,,2542,,179,8938,29,,21,,,,,,,,,,,,,,,,,,,,,,,,,,,,,,1004,7755
44255,425,2,28,126633,,2545,,176,8946,27,,19,,,,,,,,,,,,,,,,,,,,,,,,,,,,,,1006,7764
44256,426,3,1,126964,,2551,,166,8961,26,,17,,,,,,,,,,,,,,,,,,,,,,,,,,,,,,1010,7785
44257,427,3,2,127407,,2551,,165,8983,27,,19,,,,,,,,,,,,,,,,,,,,,,,,,,,,,,1010,7808
44258,428,3,3,127826,,2554,,156,8999,28,,18,,,,,,,,,,,,,,,,,,,,,,,,,,,,,,1012,7831
44259,429,3,4,128204,,2556,,147,9021,26,,18,,,6157,12547,22353,18962,16258,18041,12966,6817,6712,96,123,462,553,760,1270,1728,1843,2119,0,2.5,2.5,11,32,107,300,566,1491,1014,7860
44260,430,3,5,128574,,2559,,146,9040,25,,18,,,,,,,,,,,,,,,,,,,,,,,,,,,,,,1016,7878
44261,431,3,6,128798,,2559,,145,9056,24,,20,,,,,,,,,,,,,,,,,,,,,,,,,,,,,,1017,7894
44262,432,3,7,128990,,2563,,152,9069,23,,18,,,,,,,,,,,,,,,,,,,,,,,,,,,,,,1017,7900
44263,433,3,8,129308,,2566,,155,9095,24,,18,,,,,,,,,,,,,,,,,,,,,,,,,,,,,,1018,7922
44264,434,3,9,129715,,2568,,153,9119,27,,18,,,,,,,,,,,,,,,,,,,,,,,,,,,,,,1020,7946
44265,435,3,10,130152,,2574,,145,9138,25,,19,,,,,,,,,,,,,,,,,,,,,,,,,,,,,,1020,7973
44266,436,3,11,130506,,2577,,149,9158,25,,17,,,6322,12896,22941,19294,16530,18314,13144,6894,6745,97,128,474,562,773,1290,1748,1868,2137,0,2.5,2.5,11,32,111,302,573,1510,1023,7986
44267,437,3,12,130873,,2579,,146,9183,24,,16,,,,,,,,,,,,,,,,,,,,,,,,,,,,,,1023,8014
44268,438,3,13,131169,,2585,,146,9199,21,,16,,,,,,,,,,,,,,,,,,,,,,,,,,,,,,1026,8027
44269,439,3,14,131317,,2588,,145,9217,19,,16,,,,,,,,,,,,,,,,,,,,,,,,,,,,,,1027,8045
44270,440,3,15,131596,,2593,,138,9233,16,,13,,,,,,,,,,,,,,,,,,,,,,,,,,,,,,1029,8066
44271,441,3,16,132035,,2595,,136,9249,17,,12,,,,,,,,,,,,,,,,,,,,,,,,,,,,,,1032,8081
44272,442,3,17,132442,,2599,,144,9273,19,,12,,,6530,13369,23607,19617,16779,18596,13341,6967,6789,98,130,485,573,789,1313,1780,1901,2155,0,2.5,2.5,11,32,112,304,584,1523,1033,8096
44273,443,3,18,132838,,2602,,136,9286,15,,12,,,,,,,,,,,,,,,,,,,,,,,,,,,,,,1035,8115
44274,444,3,19,133243,,2606,,129,9298,17,,12,,,,,,,,,,,,,,,,,,,,,,,,,,,,,,1037,8132
44275,445,3,20,133545,,2609,,131,9317,17,,13,,,,,,,,,,,,,,,,,,,,,,,,,,,,,,1041,8145
44276,446,3,21,133755,,2610,,133,9332,16,,12,,,,,,,,,,,,,,,,,,,,,,,,,,,,,,1042,8157
44277,447,3,22,134159,,2610,,122,9345,17,,12,,,,,,,,,,,,,,,,,,,,,,,,,,,,,,1042,8181
44278,448,3,23,134618,,2610,,123,9364,19,,11,,,,,,,,,,,,,,,,,,,,,,,,,,,,,,1042,8199
44279,449,3,24,135112,,2612,,123,9380,22,,11,,,,,,,,,,,,,,,,,,,,,,,,,,,,,,1042,8215
44280,450,3,25,135600,,2615,,123,9399,19,,10,,,6689,13851,24169,19957,17043,18883,13524,7037,6793,101,134,493,576,805,1333,1804,1925,2175,0,2.5,2.5,11,32,114,308,593,1536,1044,8232
44281,451,3,26,136105,,2619,,124,9422,17,,9,,,,,,,,,,,,,,,,,,,,,,,,,,,,,,1046,8252
44282,452,3,27,136435,,2620,,131,9442,17,,8,,,,,,,,,,,,,,,,,,,,,,,,,,,,,,1046,8265
44283,453,3,28,136662,,2623,,130,9457,16,,9,,,,,,,,,,,,,,,,,,,,,,,,,,,,,,1048,8279
44284,454,3,29,137070,,2625,,136,9480,14,,10,,,,,,,,,,,,,,,,,,,,,,,,,,,,,,1050,8294
44285,455,3,30,137686,,2628,,136,9503,15,,10,,,,,,,,,,,,,,,,,,,,,,,,,,,,,,1052,8315
44286,456,3,31,138180,,2631,,140,9531,13,,10,,,,,,,,,,,,102,138,502,583,814,1347,1820,1934,2186,0,2.5,2.5,11,33,115,311,594,1539,1055,8336
44287,457,4,1,138621,,2633,,153,9562,19,,11,,,,,,,,,,,,,,,,,,,,,,,,,,,,,,1055,8354
44288,458,4,2,139047,,2633,,152,9583,22,,17,,,,,,,,,,,,,,,,,,,,,,,,,,,,,,1055,8376
44289,459,4,3,139339,,2633,,159,9610,26,,17,,,,,,,,,,,,,,,,,,,,,,,,,,,,,,1056,8395
44290,460,4,4,139425,,2635,,157,9624,29,,18,,,,,,,,,,,,,,,,,,,,,,,,,,,,,,1057,8410
44291,461,4,5,139850,,2637,,163,9655,30,,20,,,,,,,,,,,,,,,,,,,,,,,,,,,,,,1058,8434
44292,462,4,6,140444,,2637,,163,9677,32,,21,,,,,,,,,,,,,,,,,,,,,,,,,,,,,,1058,8456
44293,463,4,7,140945,,2640,,153,9694,37,,22,,,,,,,,,,,,,,,,,,,,,,,,,,,,,,1059,8482
44294,464,4,8,141440,,2641,,160,9718,34,,25,,,,,,,,,,,,106,141,515,599,836,1386,1862,1953,2204,0,2.5,2.5,11,33,115,315,598,1545,1059,8499
44295,465,4,9,141981,,2642,,153,9739,35,,27,,,,,,,,,,,,,,,,,,,,,,,,,,,,,,1060,8526
44296,466,4,10,142307,,2646,,146,9755,32,,28,,,,,,,,,,,,,,,,,,,,,,,,,,,,,,1062,8547
44297,467,4,11,142558,,2648,,151,9771,30,,27,,,,,,,,,,,,,,,,,,,,,,,,,,,,,,1063,8557
44298,468,4,12,143057,,2649,,155,9796,33,,28,,,,,,,,,,,,,,,,,,,,,,,,,,,,,,1063,8578
44299,469,4,13,143535,,2651,,155,9822,33,,24,,,,,,,,,,,,,,,,,,,,,,,,,,,,,,1065,8602
44300,470,4,14,143967,,2653,,148,9840,32,,25,,,,,,,,,,,,,,,,,,,,,,,,,,,,,,1066,8626
44301,471,4,15,144431,,2655,,146,9864,31,,25,,,,,,,,,,,,,,,,,,,,,,,,,,,,,,1068,8650
44302,472,4,16,144807,,2656,,157,9893,33,,24,,,,,,,,,,,,107,144,531,615,849,1425,1899,1972,2220,0,2.5,2.5,11,33,116,315,604,1548,1069,8667
44303,473,4,17,145038,,2660,,163,9921,32,,24,,,,,,,,,,,,,,,,,,,,,,,,,,,,,,1073,8685
44304,474,4,18,145242,,2660,,165,9938,31,,23,,,,,,,,,,,,,,,,,,,,,,,,,,,,,,1074,8699
44305,475,4,19,145569,,2660,,164,9965,30,,21,,,,,,,,,,,,,,,,,,,,,,,,,,,,,,1074,8727
44306,476,4,20,145947,,2663,,154,9987,27,,20,,,,,,,,,,,,,,,,,,,,,,,,,,,,,,1077,8756
44307,477,4,21,146269,,2664,,155,10005,29,,21,,,,,,,,,,,,109,151,542,629,880,1453,1922,1990,2234,0,2.5,2.5,12,33,119,318,606,1553,1077,8773
44308,478,4,22,146567,,2665,,155,10022,29,,22,,,,,,,,,,,,,,,,,,,,,,,,,,,,,,1077,8790
44309,479,4,23,146866,,2665,,153,10044,28,,22,,,,,,,,,,,,,,,,,,,,,,,,,,,,,,1077,8814
44310,480,4,24,147074,,2667,,146,10056,30,,25,,,,,,,,,,,,,,,,,,,,,,,,,,,,,,1078,8832
44311,481,4,25,147194,,2670,,146,10070,33,,23,,,,,,,,,,,,,,,,,,,,,,,,,,,,,,1080,8844
44312,482,4,26,147426,,2670,,157,10093,33,,23,,,,,,,,,,,,,,,,,,,,,,,,,,,,,,1080,8856
44313,483,4,27,147767,,2674,,159,10112,31,,19,,,,,,,,,,,,,,,,,,,,,,,,,,,,,,1082,8871
44314,484,4,28,148060,,2676,,152,10129,29,,19,,,,,,,,,,,,,,,,,,,,,,,,,,,,,,1085,8892
44315,485,4,29,148335,,2679,,144,10142,25,,20,,,,,,,,,,,,110,156,561,646,891,1478,1951,2010,2250,0,2.5,2.5,12,33,122,321,607,1555,1086,8912
44316,486,4,30,148562,,2680,,136,10158,26,,21,,,,,,,,,,,,,,,,,,,,,,,,,,,,,,1087,8935
44317,487,5,1,148739,,2685,,139,10175,27,,22,,,,,,,,,,,,,,,,,,,,,,,,,,,,,,1090,8946
44318,488,5,2,148855,,2688,,142,10187,29,,18,,,,,,,,,,,,,,,,,,,,,,,,,,,,,,1092,8953
44319,489,5,3,149046,,2690,,132,10199,27,,19,,,,,,,,,,,,,,,,,,,,,,,,,,,,,,1093,8974
44320,490,5,4,149289,,2690,,128,10209,27,,17,,,,,,,,,,,,,,,,,,,,,,,,,,,,,,1095,8986
44321,491,5,5,149498,,2691,,123,10222,27,,20,,,,,,,,,,,,,,,,,,,,,,,,,,,,,,1095,9004
44322,492,5,6,149703,,2692,,122,10236,26,,20,,,7925,16194,26977,21859,18320,20117,14084,7162,6811,112,158,566,664,904,1503,1973,2030,2269,0,2.5,2.5,13,35,125,323,608,1561,1096,9018
44323,493,5,7,149870,,2693,,114,10246,27,,20,,,,,,,,,,,,,,,,,,,,,,,,,,,,,,1096,9036
44324,494,5,8,149983,,2695,,111,10259,25,,20,,,,,,,,,,,,,,,,,,,,,,,,,,,,,,1097,9051
44325,495,5,9,150050,,2697,,112,10267,23,,16,,,,,,,,,,,,,,,,,,,,,,,,,,,,,,1099,9056
44326,496,5,10,150200,,2699,,107,10283,23,,15,,,,,,,,,,,,,,,,,,,,,,,,,,,,,,1100,9076
44327,497,5,11,150367,,2701,,101,10294,24,,16,,,,,,,,,,,,,,,,,,,,,,,,,,,,,,1101,9092
44328,498,5,12,150525,,2702,,98,10303,22,,15,,,,,,,,,,,,,,,,,,,,,,,,,,,,,,1102,9103
44329,499,5,13,150670,,2704,,92,10314,21,,14,,,8082,16423,27209,22046,18464,20245,14156,7179,6824,113,162,575,674,917,1520,1989,2044,2276,0,2.5,7.5,13,35,128,327,610,1566,1103,9119
44330,500,5,14,150774,,2704,,85,10323,21,,15,,,,,,,,,,,,,,,,,,,,,,,,,,,,,,1104,9134
44331,501,5,15,150875,,2704,,83,10328,21,,16,,,,,,,,,,,,,,,,,,,,,,,,,,,,,,1104,9141
44332,502,5,16,150936,,2706,,80,10333,20,,15,,,,,,,,,,,,,,,,,,,,,,,,,,,,,,1106,9147
44333,503,5,17,151035,,2707,,80,10343,20,,13,,,,,,,,,,,,,,,,,,,,,,,,,,,,,,1107,9156
44334,504,5,18,151163,,2707,,80,10354,20,,14,,,,,,,,,,,,,,,,,,,,,,,,,,,,,,1107,9167
44335,505,5,19,151250,,2707,,75,10359,20,,14,,,,,,,,,,,,,,,,,,,,,,,,,,,,,,1107,9177
44336,506,5,20,151354,,2708,,80,10373,21,,12,,,,,,,,,,,,,,,,,,,,,,,,,,,,,,1107,9186
44337,507,5,21,151442,,2710,,79,10383,17,,10,,,,,,,,,,,,,,,,,,,,,,,,,,,,,,1109,9195
44338,508,5,22,151485,,2710,,74,10389,17,,11,,,,,,,,,,,,,,,,,,,,,,,,,,,,,,1109,9206
44339,509,5,23,151523,,2712,,70,10396,16,,11,,,,,,,,,,,,,,,,,,,,,,,,,,,,,,1110,9216
44340,510,5,24,151593,,2712,,71,10406,15,,11,,,,,,,,,,,,,,,,,,,,,,,,,,,,,,1110,9225
44341,511,5,25,151665,,2713,,67,10413,15,,10,,,8276,16696,27531,22272,18664,20378,14243,7217,6855,118,168,589,688,934,1549,2012,2060,2288,0,2.5,7.5,13,35,133,329,614,1570,1110,9236
44342,512,5,26,151749,,2714,,67,10421,14,,9,,,,,,,,,,,,,,,,,,,,,,,,,,,,,,1111,9243
44343,513,5,27,151791,,2715,,62,10426,11,,7,,,,,,,,,,,,,,,,,,,,,,,,,,,,,,1112,9252
44344,514,5,28,151836,,2715,,55,10430,12,,8,,,,,,,,,,,,,,,,,,,,,,,,,,,,,,1112,9263
44345,515,5,29,151868,,2715,,53,10432,11,,8,,,,,,,,,,,,,,,,,,,,,,,,,,,,,,1112,9267
44346,516,5,30,151886,,2716,,53,10437,11,,9,,,,,,,,,,,,,,,,,,,,,,,,,,,,,,1112,9272
44347,517,5,31,151895,,2717,,51,10443,10,,9,,,,,,,,,,,,,,,,,,,,,,,,,,,,,,1113,9279
44348,518,6,1,151938,,2718,,47,10447,8,,8,,,,,,,,,,,,,,,,,,,,,,,,,,,,,,1114,9286
44349,519,6,2,151968,,2719,,47,10454,5,,6,,,,,,,,,,,,,,,,,,,,,,,,,,,,,,1115,9292
44350,520,6,3,152023,,2720,,41,10455,4,,5,,,,,,,,,,,,,,,,,,,,,,,,,,,,,,1116,9298
44351,521,6,4,152062,,2720,,43,10461,4,,4,,,,,,,,,,,,,,,,,,,,,,,,,,,,,,1116,9302
44352,522,6,5,152085,,2722,,45,10466,5,,5,,,8344,16770,27603,22330,18712,20418,14254,7231,6860,118,170,595,696,940,1558,2016,2065,2294,0,2.5,7.5,13,35,134,331,615,1572,1117,9304
44353,523,6,6,152096,,2722,,45,10469,5,,4,,,,,,,,,,,,,,,,,,,,,,,,,,,,,,1117,9307
