date,daynum,month,day,cumulative_confirmed_cases,new_confirmed_cases,cumulative_deaths,new_deaths,hospitalized_currently,hospitalized_cumulative,InICU_currently,InICU_cumulative,OnVentilator_Currently,OnVentilator_Cumulative,Recovered_cumulative,cumulative_confirmed_cases_0_19,cumulative_confirmed_cases_20_29,cumulative_confirmed_cases_30_39,cumulative_confirmed_cases_40_49,cumulative_confirmed_cases_50_59,cumulative_confirmed_cases_60_69,cumulative_confirmed_cases_70_79,cumulative_confirmed_cases_80plus,cumulative_confirmed_hospitalizations_0_19,cumulative_confirmed_hospitalizations_20_29,cumulative_confirmed_hospitalizations_30_39,cumulative_confirmed_hospitalizations_40_49,cumulative_confirmed_hospitalizations_50_59,cumulative_confirmed_hospitalizations_60_69,cumulative_confirmed_hospitalizations_70_79,cumulative_confirmed_hospitalizations_80plus,cumulative_confirmed_deaths_0_19,cumulative_confirmed_deaths_20_29,cumulative_confirmed_deaths_30_39,cumulative_confirmed_deaths_40_49,cumulative_confirmed_deaths_50_59,cumulative_confirmed_deaths_60_69,cumulative_confirmed_deaths_70_79,cumulative_confirmed_deaths_80plus,not_Hospitalized_cumulative,under_inversigation_cumulative,nursinghome_tests_total,nursinghome_tests_positive
3/1/20,61,3,1,3,1,0,0,NA,NA,NA,NA,NA,NA,NA,NA,NA,NA,NA,NA,NA,NA,NA,NA,NA,NA,NA,NA,NA,NA,NA,NA,NA,NA,NA,NA,NA,NA,NA,NA,NA,NA,NA
3/2/20,62,3,2,4,2,0,0,NA,NA,NA,NA,NA,NA,NA,NA,NA,NA,NA,NA,NA,NA,NA,NA,NA,NA,NA,NA,NA,NA,NA,NA,NA,NA,NA,NA,NA,NA,NA,NA,NA,NA,NA
3/3/20,63,3,3,6,4,0,0,NA,NA,NA,NA,NA,NA,NA,NA,NA,NA,NA,NA,NA,NA,NA,NA,NA,NA,NA,NA,NA,NA,NA,NA,NA,NA,NA,NA,NA,NA,NA,NA,NA,NA,NA
3/4/20,64,3,4,10,7,0,0,NA,NA,NA,NA,NA,NA,NA,NA,NA,NA,NA,NA,NA,NA,NA,NA,NA,NA,NA,NA,NA,NA,NA,NA,NA,NA,NA,NA,NA,NA,NA,NA,NA,NA,NA
3/5/20,65,3,5,16,13,0,0,NA,NA,NA,NA,NA,NA,NA,NA,NA,NA,NA,NA,NA,NA,NA,NA,NA,NA,NA,NA,NA,NA,NA,NA,NA,NA,NA,NA,NA,NA,NA,NA,NA,NA,NA
3/6/20,66,3,6,28,13,0,0,NA,NA,NA,NA,NA,NA,NA,NA,NA,NA,NA,NA,NA,NA,NA,NA,NA,NA,NA,NA,NA,NA,NA,NA,NA,NA,NA,NA,NA,NA,NA,NA,NA,NA,NA
3/7/20,67,3,7,42,15,0,0,NA,NA,NA,NA,NA,NA,NA,NA,NA,NA,NA,NA,NA,NA,NA,NA,NA,NA,NA,NA,NA,NA,NA,NA,NA,NA,NA,NA,NA,NA,NA,NA,NA,NA,NA
3/8/20,68,3,8,57,18,0,0,NA,NA,NA,NA,NA,NA,NA,NA,NA,NA,NA,NA,NA,NA,NA,NA,NA,NA,NA,NA,NA,NA,NA,NA,NA,NA,NA,NA,NA,NA,NA,NA,NA,NA,NA
3/9/20,69,3,9,75,21,0,0,NA,4,NA,NA,NA,NA,NA,NA,NA,NA,NA,NA,NA,NA,NA,NA,NA,NA,NA,NA,NA,NA,NA,NA,NA,NA,NA,NA,NA,NA,NA,37,0,NA,NA
3/10/20,70,3,10,96,28,0,0,NA,6,NA,NA,NA,NA,NA,NA,NA,NA,NA,NA,NA,NA,NA,NA,NA,NA,NA,NA,NA,NA,NA,NA,NA,NA,NA,NA,NA,NA,NA,62,24,NA,NA
3/11/20,71,3,11,123,35,0,0,NA,8,NA,NA,NA,NA,NA,NA,NA,NA,NA,NA,NA,NA,NA,NA,NA,NA,NA,NA,NA,NA,NA,NA,NA,NA,NA,NA,NA,NA,NA,84,3,NA,NA
3/12/20,72,3,12,158,39,0,0,NA,10,NA,NA,NA,NA,NA,NA,NA,NA,NA,NA,NA,NA,NA,NA,NA,NA,NA,NA,NA,NA,NA,NA,NA,NA,NA,NA,NA,NA,NA,89,9,NA,NA
3/13/20,73,3,13,197,60,0,0,NA,10,NA,NA,NA,NA,NA,NA,NA,NA,NA,NA,NA,NA,NA,NA,NA,NA,NA,NA,NA,NA,NA,NA,NA,NA,NA,NA,NA,NA,NA,101,12,NA,NA
3/14/20,74,3,14,257,93,0,0,NA,11,NA,NA,NA,NA,NA,NA,NA,NA,NA,NA,NA,NA,NA,NA,NA,NA,NA,NA,NA,NA,NA,NA,NA,NA,NA,NA,NA,NA,NA,105,22,NA,NA
3/15/20,75,3,15,350,127,0,0,NA,13,NA,NA,NA,NA,NA,NA,NA,NA,NA,NA,NA,NA,NA,NA,NA,NA,NA,NA,NA,NA,NA,NA,NA,NA,NA,NA,NA,NA,NA,115,36,NA,NA
3/16/20,76,3,16,477,163,0,0,NA,14,NA,NA,NA,NA,NA,NA,NA,NA,NA,NA,NA,NA,NA,NA,NA,NA,NA,NA,NA,NA,NA,NA,NA,NA,NA,NA,NA,NA,NA,123,60,NA,NA
3/17/20,77,3,17,639,209,0,0,NA,21,NA,NA,NA,NA,NA,NA,NA,NA,NA,NA,NA,NA,NA,NA,NA,NA,NA,NA,NA,NA,NA,NA,NA,NA,NA,NA,NA,NA,NA,145,62,NA,NA
3/18/20,78,3,18,849,245,2,2,NA,27,NA,NA,NA,NA,NA,NA,NA,NA,NA,NA,NA,NA,NA,NA,NA,NA,NA,NA,NA,NA,NA,NA,NA,NA,NA,NA,NA,NA,NA,151,78,NA,NA
3/19/20,79,3,19,1093,276,3,1,NA,43,NA,NA,NA,NA,NA,NA,NA,NA,NA,NA,NA,NA,NA,NA,NA,NA,NA,NA,NA,NA,NA,NA,NA,NA,NA,NA,NA,NA,NA,160,125,NA,NA
3/20/20,80,3,20,1369,341,5,2,NA,58,NA,NA,NA,NA,NA,NA,NA,NA,NA,NA,NA,NA,NA,NA,NA,NA,NA,NA,NA,NA,NA,NA,NA,NA,NA,NA,NA,NA,NA,199,156,NA,NA
3/21/20,81,3,21,1711,408,7,2,NA,61,NA,NA,NA,NA,NA,NA,NA,NA,NA,NA,NA,NA,NA,NA,NA,NA,NA,NA,NA,NA,NA,NA,NA,NA,NA,NA,NA,NA,NA,215,249,NA,NA
3/22/20,82,3,22,2119,478,11,4,NA,92,NA,NA,NA,NA,NA,18,93,112,134,119,87,51,30,3,1,5,7,12,15,25,24,0,0,0,0,1,0,2,2,263,312,NA,NA
3/23/20,83,3,23,2597,572,17,6,NA,106,NA,NA,NA,NA,NA,19,115,132,152,143,110,64,41,3,1,5,7,12,16,31,31,0,0,0,0,1,1,4,3,286,412,NA,NA
3/24/20,84,3,24,3169,651,26,9,NA,138,NA,NA,NA,NA,NA,24,188,205,214,208,153,100,63,3,2,5,9,13,20,43,43,0,0,0,0,1,2,4,4,313,782,NA,NA
3/25/20,85,3,25,3820,699,33,7,NA,174,NA,NA,NA,NA,NA,41,326,322,313,330,249,160,94,3,2,5,9,13,21,61,60,0,0,0,0,1,2,6,6,350,1385,NA,NA
3/26/20,86,3,26,4519,733,42,9,NA,220,NA,NA,NA,NA,NA,53,425,433,386,437,329,207,140,4,2,5,9,14,23,77,86,0,0,0,0,2,2,8,13,366,1832,NA,NA
3/27/20,87,3,27,5252,823,57,15,NA,364,NA,NA,NA,NA,NA,63,567,581,526,597,442,274,195,5,7,11,30,49,59,94,109,0,0,0,0,2,4,8,21,999,1953,NA,NA
3/28/20,88,3,28,6075,901,72,15,NA,442,NA,NA,NA,NA,NA,83,723,752,690,812,588,348,263,5,11,15,35,62,69,111,134,0,0,0,0,3,5,9,27,1226,2681,NA,NA
3/29/20,89,3,29,6976,985,97,25,NA,501,NA,NA,NA,NA,NA,101,842,866,810,953,686,398,301,5,12,20,37,69,79,130,149,0,0,0,0,3,5,10,30,1405,3151,NA,NA
3/30/20,90,3,30,7961,1034,125,28,NA,562,NA,NA,NA,NA,NA,122,953,1031,948,1088,802,459,355,6,14,23,47,77,88,140,167,0,0,0,0,3,8,14,31,1603,3696,NA,NA
3/31/20,91,3,31,8995,1111,153,28,NA,652,NA,NA,NA,NA,NA,137,1081,1181,1084,1280,925,519,410,6,15,30,57,100,108,150,186,0,0,0,0,4,11,20,54,1941,4117,NA,NA
4/1/20,92,4,1,10106,1183,189,36,NA,734,NA,NA,NA,NA,NA,155,1236,1347,1295,1513,1093,605,496,6,16,37,66,118,134,161,196,0,0,1,0,6,14,27,73,2340,4716,NA,NA
4/2/20,93,4,2,11289,1248,230,41,NA,813,NA,NA,NA,NA,NA,185,1378,1533,1465,1733,1246,738,686,7,20,44,77,140,159,164,202,0,0,2,0,7,18,35,92,2684,5469,NA,NA
4/3/20,94,4,3,12537,1347,268,38,NA,966,NA,NA,NA,NA,NA,226,1571,1777,1712,2022,1439,837,816,7,23,57,85,162,191,206,235,0,0,2,0,9,22,46,113,3063,6373,NA,NA
4/4/20,95,4,4,13884,1455,306,38,1529,NA,410,NA,NA,NA,NA,275,1716,1964,1941,2312,1620,955,952,NA,NA,NA,NA,NA,NA,NA,NA,0,0,2,0,9,23,48,134,3378,7290,NA,NA
4/5/20,96,4,5,15339,1531,374,68,1887,NA,498,NA,NA,NA,NA,290,1773,2064,2074,2465,1735,1038,1060,NA,NA,NA,NA,NA,NA,NA,NA,0,0,2,0,12,25,50,142,3675,7680,NA,NA
4/6/20,97,4,6,16870,1631,453,79,1948,NA,514,NA,NA,NA,NA,312,1876,2217,2245,2685,1922,1210,1370,NA,NA,NA,NA,NA,NA,NA,NA,0,0,2,0,14,26,60,158,3982,8654,NA,NA
4/7/20,98,4,7,18501,1713,524,71,2158,NA,547,NA,NA,NA,NA,338,2013,2389,2408,2886,2148,1381,1639,NA,NA,NA,NA,NA,NA,NA,NA,0,0,2,1,18,36,83,216,4316,9451,NA,NA
4/8/20,99,4,8,20213,1732,624,100,2551,NA,631,NA,NA,NA,NA,363,2195,2603,2649,3204,2398,1529,1847,NA,NA,NA,NA,NA,NA,NA,NA,0,0,2,2,22,40,103,264,4717,10490,NA,NA
4/9/20,100,4,9,21945,1725,736,112,2801,NA,657,NA,NA,NA,NA,403,2408,2882,2926,3562,2681,1782,2292,NA,NA,NA,NA,NA,NA,NA,NA,0,0,3,3,27,45,118,307,5106,12088,NA,NA
4/10/20,101,4,10,23670,1735,844,108,2983,NA,673,NA,NA,NA,NA,446,2637,3201,3236,3931,2950,2001,2562,NA,NA,NA,NA,NA,NA,NA,NA,0,0,3,4,28,52,141,371,5731,13287,NA,NA
4/11/20,102,4,11,25405,1857,964,120,3081,NA,717,NA,NA,NA,NA,500,2834,3459,3500,4279,3224,2169,2883,NA,NA,NA,NA,NA,NA,NA,NA,0,0,3,5,29,64,159,426,6053,14687,NA,NA
4/12/20,103,4,12,27262,1962,1078,114,3145,NA,737,NA,NA,NA,NA,554,3107,3801,3848,4654,3582,2424,3297,NA,NA,NA,NA,NA,NA,NA,NA,0,0,4,5,31,69,185,462,6455,16785,NA,NA
4/13/20,104,4,13,29223,2020,1241,163,3145,NA,914,NA,772,NA,NA,593,3262,3993,4002,4896,3778,2580,3558,NA,NA,NA,NA,NA,NA,NA,NA,0,0,5,5,38,82,207,507,6678,17849,NA,NA
4/14/20,105,4,14,31244,2157,1363,122,3276,NA,937,NA,723,NA,NA,622,3393,4165,4166,5120,3979,2744,3796,NA,NA,NA,NA,NA,NA,NA,NA,0,0,6,5,40,96,238,572,6678,17849,NA,NA
4/15/20,106,4,15,33400,2183,1540,177,3297,NA,959,NA,759,NA,NA,675,3593,4448,4455,5420,4244,2894,3973,NA,NA,NA,NA,NA,NA,NA,NA,0,0,6,7,43,107,265,680,6678,17849,NA,NA
4/16/20,107,4,16,35583,2206,1714,174,3386,NA,970,NA,816,NA,NA,737,3826,4706,4754,5784,4562,3142,4423,NA,NA,NA,NA,NA,NA,NA,NA,0,0,6,10,47,124,299,759,6678,17849,NA,NA
4/17/20,108,4,17,37790,2305,1882,168,3416,NA,975,NA,804,NA,NA,803,4095,5040,5071,6158,4850,3342,4777,NA,NA,NA,NA,NA,NA,NA,NA,0,0,6,11,51,137,330,869,NA,NA,NA,NA
4/18/20,109,4,18,40095,2208,2051,169,3388,3509,972,NA,811,NA,NA,852,4314,5282,5326,6445,5090,3571,5193,14,79,172,257,506,672,782,1027,0,0,6,12,58,153,356,974,NA,NA,NA,NA
4/19/20,110,4,19,42303,2225,2228,177,3449,3672,992,NA,803,NA,NA,899,4483,5483,5517,6687,5315,3767,5634,15,88,179,277,523,698,818,1074,0,0,7,13,60,171,382,1073,NA,NA,NA,NA
4/20/20,111,4,20,44528,2227,2401,173,3527,3788,1012,NA,814,NA,NA,933,4585,5636,5683,6873,5504,3965,6083,15,90,180,281,532,719,836,1135,0,1,7,13,63,182,399,1144,NA,NA,NA,NA
4/21/20,112,4,21,46755,2124,2561,160,3625,4007,1022,NA,832,NA,NA,974,4789,5869,5901,7126,5709,4107,6355,16,93,190,293,559,763,884,1209,0,1,7,14,66,196,439,1237,NA,NA,NA,NA
4/22/20,113,4,22,48879,2126,2713,152,3533,4255,1006,NA,821,NA,NA,1024,4979,6088,6175,7408,5957,4315,6675,16,97,205,313,601,797,926,1300,0,1,7,15,75,213,483,1388,NA,NA,NA,NA
4/23/20,114,4,23,51005,2091,2903,190,3490,4492,1020,NA,800,NA,NA,1167,5312,6539,6612,7878,6361,4617,7204,17,100,214,332,630,837,980,1382,0,1,7,16,81,228,523,1504,NA,NA,NA,NA
4/24/20,115,4,24,53096,2011,3100,197,3490,4751,1030,NA,785,NA,NA,1394,6030,7357,7442,8729,7034,4933,7738,17,105,225,349,669,876,1031,1479,0,1,7,17,92,250,568,1621,NA,NA,NA,NA
4/25/20,116,4,25,55107,1998,3250,150,3514,4964,1049,NA,806,NA,NA,1503,6382,7690,7767,9091,7339,5176,8079,18,107,235,363,704,908,1072,1557,0,1,7,20,99,266,604,1733,NA,NA,NA,NA
4/26/20,117,4,26,57105,1923,3401,151,3552,5103,1061,NA,801,NA,NA,1578,6605,7938,7990,9310,7517,5321,8365,20,111,238,377,718,926,1102,1611,0,1,7,23,109,278,639,1842,NA,NA,NA,NA
4/27/20,118,4,27,59029,1872,3559,158,3535,5236,982,NA,775,NA,NA,1648,6807,8186,8220,9531,7709,5470,8601,22,113,244,387,733,951,1131,1655,0,1,7,23,111,291,665,1905,NA,NA,NA,NA
4/28/20,119,4,28,60901,1844,3700,141,3516,5514,983,NA,753,NA,NA,1711,7023,8449,8452,9775,7963,5682,8961,25,121,260,410,767,1005,1184,1742,0,1,8,24,117,306,699,1997,NA,NA,NA,NA
4/29/20,120,4,29,62744,1777,3865,165,3463,5757,973,NA,736,NA,NA,1788,7295,8744,8732,10095,8218,5849,9253,28,126,272,428,802,1045,1236,1820,0,2,8,27,126,321,753,2168,NA,NA,30883,1835
4/30/20,121,4,30,64522,1761,4008,143,3376,5941,924,NA,717,NA,NA,1904,7588,9099,9010,10426,8482,5994,9418,28,130,281,442,819,1084,1270,1887,0,2,10,28,128,344,787,2263,NA,NA,33786,1940
5/1/20,122,5,1,66283,1725,4184,176,3261,6167,897,NA,704,NA,NA,2009,7879,9438,9317,10781,8729,6169,9721,30,138,292,456,847,1124,1330,1950,0,2,10,32,132,366,827,2347,NA,NA,36965,1990
5/2/20,123,5,2,68008,1673,4328,144,3277,6376,879,NA,674,NA,NA,2130,8159,9727,9580,11075,8966,6337,10021,32,143,302,466,864,1172,1371,2026,0,2,11,33,133,384,853,2430,NA,NA,40202,2035
5/3/20,124,5,3,69681,1603,4465,137,3199,6505,885,NA,665,NA,NA,2225,8406,9957,9849,11352,9234,6488,10291,34,147,308,474,880,1190,1404,2068,0,2,11,33,139,391,903,2525,NA,NA,42584,2055
5/4/20,125,5,4,71284,1551,4600,135,3202,6620,886,NA,678,NA,NA,2286,8528,10106,9986,11472,9326,6569,10533,35,149,315,484,894,1211,1432,2100,0,3,11,34,143,400,924,2575,NA,NA,44215,2075
5/5/20,126,5,5,72834,1462,4737,137,3222,6829,894,NA,675,NA,NA,2351,8712,10314,10157,11635,9488,6681,10669,39,156,323,496,931,1259,1473,2152,0,3,11,37,148,424,950,2639,NA,NA,46263,2075
5/6/20,127,5,6,74296,1412,4876,139,3096,7078,825,NA,646,NA,NA,2475,8966,10592,10404,11843,9691,6847,10940,42,162,341,519,974,1308,1513,2219,0,3,13,38,157,440,992,2777,NA,NA,47787,2115
5/7/20,128,5,7,75708,1362,5006,130,3009,7235,804,NA,633,NA,NA,2569,9206,10859,10623,12088,9902,7002,11197,44,166,351,531,998,1341,1544,2260,0,3,13,41,160,454,1030,2851,NA,NA,50157,2145
5/8/20,129,5,8,77070,1281,5116,110,2889,7432,786,NA,609,NA,NA,2668,9478,11108,10861,12305,10087,7142,11425,45,170,357,544,1028,1374,1593,2321,0,4,15,42,163,463,1073,2942,NA,NA,52630,2310
5/9/20,130,5,9,78351,1241,5220,104,2788,7563,782,NA,606,NA,NA,2761,9700,11337,11068,12474,10268,7249,11636,46,171,363,552,1040,1409,1621,2347,0,4,16,44,166,482,1102,3026,NA,NA,55923,2335
5/10/20,131,5,10,79592,1186,5346,126,2762,7671,785,NA,620,NA,NA,2852,9846,11511,11197,12617,10376,7326,11813,46,172,363,560,1043,1423,1639,2369,0,4,16,45,170,496,1131,3117,NA,NA,56909,2335
5/11/20,132,5,11,80778,1134,5473,127,2787,7787,790,NA,607,NA,NA,2895,9948,11606,11270,12721,10437,7381,11952,47,173,368,567,1056,1437,1670,2414,0,4,16,46,183,502,1164,3193,NA,NA,59510,2390
5/12/20,133,5,12,81911,1083,5586,113,2761,7952,766,NA,613,NA,NA,2947,10072,11760,11400,12848,10536,7451,12070,47,180,369,574,1080,1452,1684,2455,0,5,16,46,184,504,1171,3215,NA,NA,58517,2540
5/13/20,134,5,13,82995,1079,5700,114,2519,8099,753,NA,591,NA,NA,2995,10203,11898,11555,13006,10721,7614,12267,50,183,377,583,1108,1491,1732,2507,0,6,17,48,188,523,1214,3318,NA,NA,60121,2560
5/14/20,135,5,14,84073,1076,5799,99,2427,8246,721,NA,574,NA,NA,3111,10449,12148,11820,13289,10947,7744,12442,54,190,380,594,1133,1527,1774,2554,0,7,17,50,192,543,1245,3427,NA,NA,64705,2580
5/15/20,136,5,15,85149,1076,5918,119,2352,8399,719,NA,566,NA,NA,3195,10672,12339,12006,13469,11096,7847,12570,55,190,382,603,1138,1554,1798,2595,0,7,17,50,196,552,1266,3505,NA,NA,65973,2600
5/16/20,137,5,16,86225,1023,6004,86,2257,8526,674,NA,548,NA,NA,3319,10874,12564,12220,13737,11303,7951,12735,58,195,390,619,1152,1579,1826,2636,0,7,17,50,203,560,1291,3577,NA,NA,66625,2635
5/17/20,138,5,17,87248,980,6088,84,2193,8627,646,NA,523,NA,NA,3431,11037,12725,12380,13887,11419,8018,12860,58,198,393,625,1160,1594,1852,2658,0,7,17,51,207,571,1314,3630,NA,NA,67689,2635
5/18/20,139,5,18,88228,932,6185,97,2132,8733,644,NA,524,NA,NA,3554,11185,12898,12536,14021,11544,8072,12977,61,199,398,631,1170,1609,1865,2687,0,7,18,51,211,578,1325,3672,NA,NA,67713,2640
5/19/20,140,5,19,89159,897,6259,74,2178,8877,647,NA,503,NA,NA,3645,11368,13056,12653,14162,11607,8122,13055,63,206,406,643,1193,1644,1890,2720,0,7,18,51,213,591,1340,3718,NA,NA,68941,2700
5/20/20,141,5,20,90056,860,6343,84,2056,9022,619,NA,483,NA,NA,3779,11555,13229,12804,14316,11716,8175,13145,63,211,410,648,1203,1678,1922,2761,0,8,18,52,215,607,1370,3796,NA,NA,69779,2730
5/21/20,142,5,21,90916,851,6410,67,1983,9159,600,NA,444,NA,NA,3902,11723,13412,12945,14491,11832,8241,13272,66,218,412,657,1225,1703,1953,2806,0,8,18,54,220,616,1380,3852,NA,NA,70679,2745
5/22/20,143,5,22,91766,691,6492,82,1897,9284,582,NA,442,NA,NA,4007,11843,13576,13055,14598,11935,8290,13338,68,219,417,668,1236,1731,1978,2845,0,8,18,57,226,625,1398,3896,NA,NA,71562,2770
5/23/20,144,5,23,92457,660,6563,71,1829,9413,530,NA,423,NA,NA,4106,11975,13676,13173,14690,12020,8354,13404,70,219,423,677,1250,1753,2004,2864,0,8,18,57,228,629,1415,3948,NA,NA,71562,2770
5/24/20,145,5,24,93117,613,6623,60,1792,9510,528,NA,403,NA,NA,4231,12143,13841,13309,14815,12124,8430,13529,71,219,426,681,1254,1765,2013,2879,0,8,19,57,230,642,1430,3986,NA,NA,71562,2770
5/25/20,146,5,25,93731,566,6688,65,1768,9585,532,NA,414,NA,NA,4283,12230,13911,13377,14899,12196,8473,13651,71,221,428,682,1256,1772,2016,2893,0,8,19,57,231,646,1440,4015,NA,NA,71562,2770
5/26/20,147,5,26,94297,518,6760,72,1766,9682,528,NA,394,NA,NA,4330,12293,13965,13434,14956,12236,8511,13718,71,224,431,684,1260,1786,2027,2905,0,8,19,60,232,653,1447,4054,NA,NA,72545,2830
5/27/20,148,5,27,94815,501,6824,64,1772,9796,505,NA,367,NA,NA,4390,12371,14061,13510,15062,12303,8546,13728,73,230,435,692,1274,1799,2048,2941,0,8,20,60,233,661,1463,4101,NA,NA,72807,2830
5/28/20,149,5,28,95316,482,6875,51,1651,9907,457,NA,329,NA,NA,4453,12481,14175,13599,15160,12374,8597,13811,74,232,445,698,1294,1830,2069,2976,0,8,20,61,233,675,1482,4161,NA,NA,NA,NA
5/29/20,150,5,29,95798,526,6932,57,1564,10043,425,NA,305,NA,NA,4521,12580,14270,13689,15241,12441,8647,13882,77,237,449,700,1303,1858,2093,3008,0,9,20,61,238,686,1497,4207,NA,NA,NA,NA
5/30/20,151,5,30,96301,466,6988,56,1484,10133,408,NA,290,NA,NA,4597,12694,14373,13786,15325,12527,8682,13940,77,237,450,705,1311,1875,2108,3026,0,9,20,61,239,691,1510,4238,NA,NA,NA,NA
5/31/20,152,5,31,96743,432,7043,55,1407,10218,376,NA,279,NA,NA,4675,12778,14495,13863,15441,12616,8761,14046,77,238,451,707,1313,1882,2117,3038,0,9,21,65,240,698,1528,4285,NA,NA,NA,NA
6/1/20,153,6,1,97152,394,7077,34,1317,10292,366,NA,259,NA,NA,4908,13560,15092,14428,16173,13132,8932,14238,81,238,455,711,1330,1908,2147,3081,0,10,23,68,251,720,1565,4398,NA,NA,NA,NA
6/2/20,154,6,2,97523,366,7128,51,1344,10418,365,NA,253,NA,NA,4935,13608,15133,14479,16229,13174,8969,14292,82,241,459,717,1343,1933,2173,3114,0,11,23,68,253,728,1574,4428,NA,NA,NA,NA
6/3/20,155,6,3,97866,349,7169,41,1297,10506,373,NA,239,NA,NA,4993,13674,15200,14573,16302,13232,8982,14325,83,241,466,725,1353,1945,2201,3136,0,11,24,69,257,728,1592,4472,NA,NA,NA,NA
6/4/20,156,6,4,98192,347,7213,44,1193,10606,322,NA,228,NA,NA,5067,13769,15277,14629,16380,13274,8991,14363,84,248,468,727,1361,1957,2223,3169,0,11,24,69,257,736,1606,4498,NA,NA,NA,NA
6/5/20,157,6,5,98516,326,7239,26,1191,10699,331,NA,228,NA,NA,5123,13840,15368,14691,16446,13343,9029,14411,85,249,471,730,1372,1972,2236,3187,0,11,24,69,260,741,1616,4514,NA,NA,NA,NA
6/6/20,158,6,6,98842,311,7283,44,1104,10771,307,NA,211,NA,NA,5182,13913,15461,14765,16541,13420,9072,14491,85,250,476,735,1383,1992,2244,3203,0,11,24,71,263,749,1621,4551,NA,NA,NA,NA
6/7/20,159,6,7,99153,282,7320,37,1075,10834,294,NA,199,NA,NA,5218,13977,15507,14812,16573,13450,9091,14522,85,251,479,736,1386,1995,2247,3213,0,11,24,71,264,753,1625,4568,NA,NA,NA,NA
6/8/20,160,6,8,99435,260,7358,38,1057,10894,287,NA,192,NA,NA,5228,14012,15533,14833,16588,13486,9100,14544,85,253,479,737,1390,2005,2255,3220,0,13,24,71,265,762,1635,4584,NA,NA,NA,NA
6/9/20,161,6,9,99696,249,7391,33,995,10961,291,NA,190,NA,NA,5251,14065,15567,14866,16613,13517,9125,14594,85,254,484,744,1401,2018,2274,3246,0,14,24,71,265,768,1647,4619,NA,NA,NA,NA
6/10/20,162,6,10,99944,241,7426,35,920,11008,268,NA,171,NA,NA,5283,14121,15602,14923,16641,13553,9143,14612,87,256,488,749,1410,2039,2286,3266,0,15,25,71,267,769,1658,4649,NA,NA,NA,NA
6/11/20,163,6,11,100185,231,7459,33,803,11056,248,NA,160,NA,NA,5349,14201,15686,14976,16718,13610,9186,14659,87,261,492,757,1417,2052,2303,3284,0,15,25,71,268,773,1667,4673,NA,NA,NA,NA
6/12/20,164,6,12,100416,213,7498,39,729,11118,221,NA,152,NA,NA,5402,14268,15731,15036,16766,13642,9217,14720,88,265,496,761,1423,2071,2316,3305,0,15,27,72,270,776,1677,4701,NA,NA,NA,NA
6/13/20,165,6,13,100629,192,7524,26,699,11170,216,NA,146,NA,NA,5439,14324,15785,15087,16813,13682,9233,14754,88,266,499,769,1428,2082,2325,3314,0,15,28,73,272,786,1681,4721,NA,NA,NA,NA
6/14/20,166,6,14,100822,191,7555,31,686,11208,225,NA,157,NA,NA,5468,14354,15832,15112,16839,13709,9237,14774,88,266,500,771,1430,2088,2329,3329,0,15,28,73,274,792,1692,4750,NA,NA,NA,NA
6/15/20,167,6,15,101013,193,7590,35,705,11252,216,NA,141,NA,NA,5486,14380,15842,15118,16845,13711,9246,14779,88,266,500,774,1430,2090,2333,3336,0,15,28,74,275,794,1700,4761,NA,NA,NA,NA
6/16/20,168,6,16,101206,182,7606,16,658,11311,199,NA,125,NA,NA,5505,14429,15872,15151,16870,13731,9258,14790,88,269,504,778,1438,2102,2340,3347,0,15,28,74,279,796,1703,4770,NA,NA,NA,NA
6/17/20,169,6,17,101388,181,7634,28,628,11367,199,NA,115,NA,NA,5541,14467,15919,15182,16914,13767,9276,14809,88,269,508,779,1444,2115,2351,3370,0,15,29,74,280,808,1713,4815,NA,NA,NA,NA
6/18/20,170,6,18,101569,181,7657,23,654,11424,171,NA,114,NA,NA,5571,14521,15958,15220,16951,13788,9296,14844,89,270,511,784,1449,2126,2368,3387,0,15,29,74,281,811,1719,4841,NA,NA,NA,NA
6/19/20,171,6,19,101750,180,7690,33,624,11469,172,NA,108,NA,NA,5593,14572,16000,15241,16983,13803,9319,14866,89,272,514,791,1452,2134,2378,3405,0,15,29,74,283,816,1721,4862,NA,NA,NA,NA
6/20/20,172,6,20,101930,179,7706,16,587,11517,166,NA,101,NA,NA,5628,14641,16057,15263,17012,13822,9340,14901,90,272,518,794,1457,2138,2386,3420,0,15,30,76,285,820,1723,4879,NA,NA,NA,NA
6/21/20,173,6,21,102109,173,7737,31,580,11554,152,NA,97,NA,NA,5640,14671,16080,15286,17020,13837,9344,14904,90,272,518,794,1458,2141,2388,3423,0,15,30,76,286,824,1733,4894,NA,NA,NA,NA
6/22/20,174,6,22,102282,168,7759,22,613,11596,153,NA,102,NA,NA,5654,14699,16102,15308,17037,13856,9359,14923,90,272,518,795,1458,2142,2391,3427,0,15,31,77,286,825,1739,4901,NA,NA,NA,NA
6/23/20,175,6,23,102450,172,7787,28,599,11642,153,NA,88,NA,NA,5676,14751,16124,15335,17069,13881,9382,14950,92,276,520,798,1465,2156,2403,3446,0,15,31,77,286,825,1744,4912,NA,NA,NA,NA
6/24/20,176,6,24,102622,177,7812,25,482,11696,146,NA,91,NA,NA,5699,14798,16150,15360,17098,13891,9387,14956,92,276,524,803,1471,2165,2421,3466,0,15,32,80,286,827,1754,4945,NA,NA,NA,NA
6/25/20,177,6,25,102799,176,7830,18,451,11745,128,NA,89,NA,NA,5715,14850,16191,15399,17125,13910,9404,14971,93,278,527,805,1473,2169,2423,3483,0,15,32,80,286,831,1754,4967,NA,NA,NA,NA
6/26/20,178,6,26,102976,173,7851,21,429,11797,115,NA,80,NA,NA,5726,14903,16238,15420,17150,13938,9424,14999,94,281,527,807,1478,2174,2437,3491,0,15,32,82,286,837,1767,4996,NA,NA,NA,NA
6/27/20,179,6,27,103149,178,7873,22,408,11848,106,NA,71,NA,NA,5754,14980,16323,15468,17197,13982,9435,15030,94,281,528,808,1479,2176,2437,3506,0,15,32,82,286,839,1769,5018,NA,NA,NA,NA
6/28/20,180,6,28,103327,179,7893,20,422,11876,110,NA,69,NA,NA,5766,15042,16358,15501,17218,14016,9450,15045,94,281,530,809,1482,2177,2437,3508,0,15,32,82,287,840,1769,5032,NA,NA,NA,NA
6/29/20,181,6,29,103506,182,7909,16,393,11905,92,NA,53,NA,NA,5772,15076,16374,15513,17224,14025,9454,15051,94,283,530,810,1483,2188,2442,3508,0,15,32,82,287,840,1769,5050,NA,NA,NA,NA
6/30/20,182,6,30,103687,168,7924,15,420,11943,95,NA,55,NA,NA,5784,15111,16401,15534,17245,14039,9454,15051,94,286,530,811,1485,2188,2442,3508,0,15,32,82,287,840,1769,5050,NA,NA,NA,NA
7/1/20,183,7,1,103855,157,7949,23,341,11965,85,NA,42,NA,NA,5820,15163,16435,15556,17268,14066,9454,15051,94,286,533,812,1486,2192,2442,3508,0,15,32,82,287,842,1769,5050,NA,NA,NA,NA
7/2/20,184,7,2,104012,161,7969,20,316,11993,78,NA,45,NA,NA,5843,15216,16466,15581,17304,14095,9466,15093,110,286,533,813,1488,2195,2450,3516,0,15,32,84,287,845,1778,5087,NA,NA,NA,NA
7/3/20,185,7,3,104173,166,7986,17,300,12026,79,NA,41,NA,NA,5863,15295,16514,15619,17342,14125,9484,15117,110,289,535,816,1492,2205,2462,3526,0,15,32,85,287,847,1783,5101,NA,NA,NA,NA
7/4/20,186,7,4,104340,169,8004,18,296,12057,72,NA,36,NA,NA,5895,15360,16542,15648,17374,14137,9488,15124,111,290,535,817,1494,2211,2467,3535,0,15,32,85,288,850,1789,5112,NA,NA,NA,NA
7/5/20,187,7,5,104509,169,8022,18,263,12087,71,NA,41,NA,NA,5908,15386,16563,15666,17387,14164,9494,15136,111,290,535,819,1494,2211,2467,3536,0,16,32,86,288,852,1793,5116,NA,NA,NA,NA
7/6/20,188,7,6,104678,173,8045,23,281,12120,76,NA,40,NA,NA,5927,15418,16603,15684,17405,14186,9499,15144,111,290,535,819,1494,2213,2468,3539,0,16,32,86,288,853,1794,5129,NA,NA,NA,NA
7/7/20,189,7,7,104851,191,8064,19,322,12156,74,NA,39,NA,NA,5957,15454,16645,15713,17433,14202,9509,15154,111,290,535,822,1497,2218,2474,3541,0,16,32,86,289,856,1798,5135,NA,NA,NA,NA
7/8/20,190,7,8,105042,200,8092,28,295,12180,75,NA,32,NA,NA,5984,15528,16679,15740,17476,14230,9526,15166,111,292,538,824,1501,2221,2478,3551,0,16,33,86,291,860,1802,5155,NA,NA,NA,NA
7/9/20,191,7,9,105242,198,8109,17,292,12210,70,NA,37,NA,NA,6014,15608,16724,15787,17518,14259,9541,15174,111,294,541,829,1508,2224,2482,3569,0,16,33,86,292,861,1805,5175,NA,NA,NA,NA
7/10/20,192,7,10,105439,202,8119,10,232,12242,59,NA,34,NA,NA,6039,15671,16751,15813,17559,14267,9553,15186,111,294,547,829,1511,2226,2487,3576,0,16,35,86,294,863,1808,5194,NA,NA,NA,NA
7/11/20,193,7,11,105641,200,8130,11,243,12261,65,NA,33,NA,NA,6075,15743,16810,15850,17603,14291,9564,15189,111,294,547,829,1515,2231,2489,3583,0,16,35,86,295,867,1808,5203,NA,NA,NA,NA
7/12/20,194,7,12,105841,212,8145,15,230,12283,61,NA,36,NA,NA,6104,15789,16848,15880,17625,14314,9571,15192,111,296,547,829,1516,2233,2490,3585,0,16,35,86,295,868,1812,5212,NA,NA,NA,NA
7/13/20,195,7,13,106053,210,8161,16,220,12299,65,NA,27,NA,NA,6137,15849,16877,15913,17659,14346,9573,15200,111,296,548,829,1516,2234,2490,3586,0,16,35,86,296,868,1812,5217,NA,NA,NA,NA
7/14/20,196,7,14,106263,210,8179,18,240,12325,52,NA,30,NA,NA,6193,15921,16926,15959,17698,14376,9577,15206,111,297,551,831,1516,2235,2495,3588,0,16,35,86,298,869,1815,5221,NA,NA,NA,NA
7/15/20,197,7,15,106474,212,8191,12,217,12350,49,NA,28,NA,NA,6229,15977,16964,15996,17727,14403,9577,15206,111,299,551,835,1516,2240,2506,3593,0,16,35,86,299,870,1818,5243,NA,NA,NA,NA
7/16/20,198,7,16,106686,210,8202,11,175,12370,48,NA,24,NA,NA,6268,16054,16987,16022,17759,14415,9592,15206,111,300,551,836,1516,2244,2509,3597,0,16,35,86,299,871,1822,5251,NA,NA,NA,NA
7/17/20,199,7,17,106896,212,8218,16,159,12402,58,NA,33,NA,NA,6318,16136,17039,16058,17802,14439,9606,15208,112,300,551,842,1517,2249,2513,3607,0,16,35,86,299,874,1827,5264,NA,NA,NA,NA
7/18/20,200,7,18,107107,215,8231,13,158,12428,36,NA,31,NA,NA,6364,16216,17102,16107,17856,14474,9630,15215,115,301,553,842,1517,2253,2517,3608,0,16,35,86,300,876,1828,5277,NA,NA,NA,NA
7/19/20,201,7,19,107322,209,8245,14,143,12449,39,NA,28,NA,NA,6405,16296,17146,16145,17900,14506,9642,15230,115,301,553,842,1518,2255,2517,3613,0,16,35,86,300,876,1831,5286,NA,NA,NA,NA
7/20/20,202,7,20,107532,212,8254,9,173,12472,35,NA,23,NA,NA,6438,16364,17193,16187,17926,14529,9652,15233,116,301,553,842,1519,2257,2517,3616,0,16,35,86,300,876,1833,5289,NA,NA,NA,NA
7/21/20,203,7,21,107743,216,8271,17,192,12491,35,NA,27,NA,NA,6467,16413,17231,16228,17966,14563,9661,15246,118,301,555,842,1519,2266,2519,3626,0,16,35,86,300,878,1835,5301,NA,NA,NA,NA
7/22/20,204,7,22,107959,220,8286,15,174,12491,31,NA,20,NA,NA,6516,16476,17286,16260,18010,14580,9677,15258,118,301,555,842,1520,2266,2526,3631,0,16,35,86,301,879,1839,5312,NA,NA,NA,NA
7/23/20,205,7,23,108180,224,8300,14,155,12511,32,NA,18,NA,NA,6577,16533,17337,16300,18058,14607,9695,15283,118,302,555,845,1520,2270,2529,3631,0,16,35,87,301,879,1841,5325,NA,NA,NA,NA
7/24/20,206,7,24,108404,236,8323,23,148,12534,32,NA,17,NA,NA,6630,16621,17402,16335,18108,14642,9700,15291,118,302,555,845,1522,2274,2532,3635,0,16,35,87,303,880,1842,5335,NA,NA,NA,NA
7/25/20,207,7,25,108640,245,8337,14,161,12556,32,NA,19,NA,NA,6680,16687,17457,16356,18151,14668,9717,15295,118,303,557,845,1528,2276,2539,3646,0,16,35,87,304,882,1845,5341,NA,NA,NA,NA
7/26/20,208,7,26,108885,254,8351,14,160,12580,30,NA,16,NA,NA,6737,16769,17531,16402,18193,14707,9722,15315,118,303,558,848,1530,2280,2540,3650,0,16,35,88,306,883,1846,5355,NA,NA,NA,NA
7/27/20,209,7,27,109139,265,8367,16,162,12605,31,NA,19,NA,NA,6790,16836,17584,16432,18231,14728,9736,15329,118,306,559,848,1530,2280,2540,3652,0,16,35,88,308,883,1847,5359,NA,NA,NA,NA
7/28/20,210,7,28,109404,274,8380,13,164,12637,31,NA,14,NA,NA,6817,16908,17627,16467,18272,14745,9746,15339,118,306,559,851,1536,2284,2542,3658,0,16,35,88,309,884,1850,5368,NA,NA,NA,NA
7/29/20,211,7,29,109678,272,8394,14,170,12652,35,NA,21,NA,NA,6912,17045,17741,16571,18379,14818,9779,15364,119,308,563,851,1537,2287,2549,3663,0,17,35,89,309,885,1860,5375,NA,NA,NA,NA
7/30/20,212,7,30,109950,273,8404,10,175,12677,37,NA,21,NA,NA,6971,17105,17786,16573,18425,14827,9784,15364,119,308,563,853,1541,2287,2555,3668,0,17,35,89,312,886,1865,5391,NA,NA,NA,NA
7/31/20,213,7,31,110223,273,8419,15,171,12698,34,NA,21,NA,NA,7036,17227,17871,16646,18496,14878,9814,15381,119,309,564,853,1543,2291,2557,3671,0,17,35,89,313,887,1868,5400,NA,NA,NA,NA
8/1/20,214,8,1,110496,271,8439,19,174,12720,33,NA,22,NA,NA,7096,17314,17956,16701,18557,14919,9841,15393,119,310,566,855,1544,2296,2563,3676,0,17,35,90,313,888,1873,5410,NA,NA,NA,NA
8/2/20,215,8,2,110767,273,8449,10,171,12742,31,NA,20,NA,NA,7157,17420,18036,16750,18604,14965,9850,15411,119,310,567,855,1544,2300,2567,3676,0,17,35,91,314,888,1877,5416,NA,NA,NA,NA
8/3/20,216,8,3,111041,276,8457,8,167,12759,28,NA,19,NA,NA,7179,17467,18069,16782,18630,14990,9857,15418,119,310,567,855,1544,2302,2568,3679,0,17,35,91,314,890,1879,5422,NA,NA,NA,NA
8/4/20,217,8,4,111316,273,8471,14,181,12784,32,NA,16,NA,NA,7257,17553,18157,16863,18705,15043,9873,15469,121,313,572,860,1544,2304,2568,3686,0,17,35,91,314,891,1881,5428,NA,NA,NA,NA
8/5/20,218,8,5,111589,276,8485,14,198,12803,35,NA,22,NA,NA,7315,17588,18180,16893,18737,15044,9878,15475,121,313,573,860,1548,2305,2568,3687,0,17,35,91,314,891,1881,5437,NA,NA,NA,NA
8/6/20,219,8,6,111865,272,8500,15,191,12824,30,NA,19,NA,NA,7357,17707,18262,16954,18826,15110,9904,15489,122,314,576,861,1548,2314,2574,3701,0,17,35,92,314,895,1886,5453,NA,NA,NA,NA
8/7/20,220,8,7,112137,274,8515,15,202,12851,40,NA,18,NA,NA,7426,17794,18335,17001,18895,15151,9923,15500,122,314,576,862,1548,2315,2577,3701,0,17,35,93,314,896,1887,5464,NA,NA,NA,NA
8/8/20,221,8,8,112412,271,8528,13,195,12874,39,NA,19,NA,NA,7505,17874,18416,17059,18963,15181,9934,15514,122,314,576,865,1550,2315,2583,3702,0,17,35,93,314,896,1890,5474,NA,NA,NA,NA
8/9/20,222,8,9,112683,267,8538,10,190,12888,35,NA,19,NA,NA,7554,17945,18471,17101,19018,15211,9944,15530,122,315,577,867,1551,2317,2583,3704,0,17,35,93,314,896,1894,5486,NA,NA,NA,NA
8/10/20,223,8,10,112950,266,8552,14,178,12902,34,NA,21,NA,NA,7597,18011,18519,17144,19048,15236,9956,15539,122,315,577,867,1551,2318,2583,3704,0,17,35,93,314,897,1896,5489,NA,NA,NA,NA
8/11/20,224,8,11,113216,272,8566,14,190,12926,37,NA,23,NA,NA,7665,18091,18588,17201,19060,15245,9971,15548,123,317,578,869,1552,2319,2584,3705,0,18,35,93,314,897,1898,5490,NA,NA,NA,NA
8/12/20,225,8,12,113489,270,8586,20,183,12943,38,NA,22,NA,NA,7725,18139,18628,17269,19114,15279,9985,15550,125,318,579,869,1553,2322,2585,3706,0,18,35,93,318,899,1901,5491,NA,NA,NA,NA
8/13/20,226,8,13,113759,275,8598,12,189,12962,39,NA,20,NA,NA,7787,18207,18687,17318,19160,15305,9999,15553,125,318,579,870,1554,2323,2586,3706,0,18,35,93,319,900,1904,5500,NA,NA,NA,NA
8/14/20,227,8,14,114034,274,8612,14,180,12984,39,NA,22,NA,NA,7849,18275,18747,17368,19205,15331,10012,15557,126,319,580,870,1555,2324,2587,3706,0,18,35,93,319,902,1907,5510,NA,NA,NA,NA
8/15/20,228,8,15,114308,288,8625,13,181,13008,41,NA,21,NA,NA,7911,18343,18806,17417,19251,15357,10026,15560,126,319,580,871,1556,2325,2588,3706,0,18,35,93,320,903,1910,5519,NA,NA,NA,NA
8/16/20,229,8,16,114596,293,8638,13,180,13024,37,NA,14,NA,NA,7973,18412,18865,17466,19296,15384,10039,15564,126,320,580,871,1557,2326,2589,3707,0,18,36,94,321,905,1913,5528,NA,NA,NA,NA
8/17/20,230,8,17,114889,294,8653,15,182,13046,39,NA,15,NA,NA,8035,18480,18924,17515,19342,15410,10053,15567,126,320,580,872,1558,2327,2590,3707,0,18,36,94,322,906,1916,5537,NA,NA,NA,NA
8/18/20,231,8,18,115183,286,8665,12,174,13066,36,NA,15,NA,NA,8097,18548,18984,17565,19387,15436,10066,15571,127,321,581,872,1559,2328,2591,3707,0,18,36,94,322,908,1919,5547,NA,NA,NA,NA
8/19/20,232,8,19,115469,285,8681,16,180,13080,35,NA,13,NA,NA,8159,18616,19043,17614,19433,15462,10080,15574,127,321,581,873,1560,2329,2592,3707,0,18,36,94,323,909,1922,5556,NA,NA,NA,NA
8/20/20,233,8,20,115754,281,8697,16,162,13093,38,NA,11,NA,NA,8214,18691,19104,17663,19480,15491,10094,15581,127,321,582,874,1560,2330,2593,3708,0,18,36,94,323,910,1925,5564,NA,NA,NA,NA
8/21/20,234,8,21,116035,285,8713,16,151,13107,33,NA,13,NA,NA,8268,18766,19164,17712,19527,15519,10109,15588,128,322,583,874,1560,2332,2595,3709,0,18,37,94,324,912,1928,5572,NA,NA,NA,NA
8/22/20,235,8,22,116321,285,8729,16,142,13120,33,NA,16,NA,NA,8323,18841,19225,17761,19574,15548,10123,15595,128,322,584,875,1560,2333,2596,3710,0,18,37,94,324,913,1931,5580,NA,NA,NA,NA
8/23/20,236,8,23,116606,291,8744,15,140,13132,35,NA,14,NA,NA,8377,18916,19286,17811,19621,15576,10138,15603,128,323,585,876,1561,2335,2598,3711,0,18,37,95,324,915,1933,5588,NA,NA,NA,NA
8/24/20,237,8,24,116897,289,8759,15,162,13148,40,NA,18,NA,NA,8432,18991,19347,17860,19668,15605,10152,15610,128,323,586,877,1561,2336,2599,3712,0,18,37,95,324,916,1936,5596,NA,NA,NA,NA
8/25/20,238,8,25,117186,301,8776,17,160,13169,42,NA,21,NA,NA,8486,19066,19407,17909,19715,15633,10167,15617,129,324,587,877,1561,2338,2601,3713,0,18,38,95,325,918,1939,5604,NA,NA,NA,NA
8/26/20,239,8,26,117488,305,8790,14,170,13191,41,NA,23,NA,NA,8541,19141,19468,17958,19762,15662,10181,15624,129,324,588,878,1561,2339,2602,3714,0,18,38,95,325,919,1942,5612,NA,NA,NA,NA
8/27/20,240,8,27,117792,311,8801,11,166,13207,43,NA,20,NA,NA,8599,19215,19528,18003,19803,15687,10194,15629,129,324,588,878,1562,2340,2604,3715,0,18,38,95,326,920,1945,5621,NA,NA,NA,NA
8/28/20,241,8,28,118104,317,8815,14,161,13224,41,NA,21,NA,NA,8657,19289,19589,18047,19843,15713,10207,15635,129,325,588,879,1563,2341,2605,3716,0,18,39,95,327,922,1948,5630,NA,NA,NA,NA
8/29/20,242,8,29,118421,319,8832,17,160,13247,40,NA,19,NA,NA,8715,19363,19649,18092,19884,15738,10220,15640,129,325,588,879,1564,2342,2607,3717,0,18,39,95,328,923,1951,5639,NA,NA,NA,NA
8/30/20,243,8,30,118727,320,8847,15,157,13259,38,NA,19,NA,NA,8773,19436,19709,18136,19924,15763,10233,15646,130,326,589,880,1566,2342,2608,3718,0,18,39,96,329,925,1955,5649,NA,NA,NA,NA
8/31/20,244,8,31,119034,337,8859,12,162,13275,35,NA,20,NA,NA,8831,19510,19769,18181,19965,15788,10246,15651,130,326,589,880,1567,2343,2610,3719,0,18,39,96,330,926,1958,5658,NA,NA,NA,NA
9/1/20,245,9,1,119358,334,8879,16,169,13295,35,NA,19,NA,NA,8889,19584,19830,18225,20005,15814,10259,15657,130,327,589,881,1568,2344,2611,3720,0,18,40,96,331,928,1961,5667,NA,NA,NA,NA
9/2/20,246,9,2,119679,338,8896,17,167,13322,35,NA,21,NA,NA,8947,19658,19890,18270,20046,15839,10272,15662,130,327,589,881,1569,2345,2613,3721,0,18,40,96,332,929,1964,5676,NA,NA,NA,NA
9/3/20,247,9,3,120004,334,8907,11,173,13338,36,NA,20,NA,NA,9005,19744,19950,18315,20089,15868,10284,15670,130,327,590,882,1569,2347,2614,3722,0,18,40,96,332,931,1967,5683,NA,NA,NA,NA
9/4/20,248,9,4,120325,295,8916,9,164,13364,32,NA,20,NA,NA,9063,19830,20009,18360,20133,15897,10297,15677,130,328,591,882,1570,2348,2615,3723,0,18,40,97,332,932,1969,5689,NA,NA,NA,NA
9/5/20,249,9,5,120606,316,8928,12,163,13383,33,NA,16,NA,NA,9121,19916,20069,18405,20176,15926,10309,15685,130,328,592,883,1570,2350,2616,3724,0,18,40,97,332,934,1972,5696,NA,NA,NA,NA
9/6/20,250,9,6,120923,329,8936,8,169,13405,31,NA,16,NA,NA,9180,20002,20129,18450,20220,15954,10322,15692,131,328,593,883,1571,2352,2617,3725,0,18,41,97,333,936,1974,5703,NA,NA,NA,NA
9/7/20,251,9,7,121252,321,8944,8,178,13425,27,NA,16,NA,NA,9238,20088,20189,18495,20263,15983,10334,15700,131,328,594,884,1571,2354,2618,3726,0,18,41,97,333,938,1977,5710,NA,NA,NA,NA
9/8/20,252,9,8,121573,330,8958,14,179,13447,31,NA,17,NA,NA,9296,20174,20248,18540,20307,16012,10347,15707,131,329,595,884,1572,2355,2619,3727,0,18,41,98,333,939,1979,5716,NA,NA,NA,NA
9/9/20,253,9,9,121903,329,8970,12,174,13472,33,NA,17,NA,NA,9354,20260,20308,18585,20350,16041,10359,15715,131,329,596,885,1572,2357,2620,3728,0,18,41,98,333,941,1982,5723,NA,NA,NA,NA
9/10/20,254,9,10,122232,336,8990,20,173,13489,38,NA,14,NA,NA,9419,20347,20371,18636,20393,16068,10371,15722,131,329,596,886,1574,2358,2621,3729,0,18,41,98,334,943,1985,5731,NA,NA,NA,NA
9/11/20,255,9,11,122567,385,9002,12,170,13506,39,NA,16,NA,NA,9483,20435,20435,18687,20435,16095,10383,15730,132,329,596,886,1575,2359,2623,3731,0,18,41,99,335,944,1988,5740,NA,NA,NA,NA
9/12/20,256,9,12,122952,367,9010,8,156,13523,35,NA,13,NA,NA,9548,20522,20498,18738,20478,16122,10395,15737,132,329,596,887,1577,2360,2624,3732,0,18,41,99,336,946,1991,5748,NA,NA,NA,NA
9/13/20,257,9,13,123319,358,9021,11,157,13533,35,NA,13,NA,NA,9613,20610,20562,18788,20520,16150,10408,15745,132,330,597,887,1579,2362,2625,3734,0,19,41,99,337,947,1994,5757,NA,NA,NA,NA
9/14/20,258,9,14,123677,351,9037,16,165,13551,35,NA,14,NA,NA,9678,20697,20625,18839,20563,16177,10420,15752,132,330,597,888,1581,2363,2626,3735,0,19,41,99,338,949,1997,5765,NA,NA,NA,NA
9/15/20,259,9,15,124028,354,9051,14,179,13582,40,NA,16,NA,NA,9742,20785,20689,18890,20605,16204,10432,15760,133,330,597,888,1582,2364,2628,3737,0,19,41,100,339,950,2000,5774,NA,NA,NA,NA
9/16/20,260,9,16,124382,356,9072,21,185,13607,39,NA,15,NA,NA,9807,20872,20752,18941,20648,16231,10444,15767,133,330,597,889,1584,2365,2629,3738,0,19,41,100,340,952,2003,5782,NA,NA,NA,NA
9/17/20,261,9,17,124739,353,9086,14,178,13624,34,NA,13,NA,NA,9881,20972,20818,18994,20698,16262,10458,15778,133,330,598,890,1585,2367,2630,3740,0,19,41,100,340,954,2005,5789,NA,NA,NA,NA
9/18/20,262,9,18,125092,343,9098,12,183,13642,38,NA,15,NA,NA,9955,21073,20884,19047,20748,16293,10473,15789,133,331,599,891,1586,2368,2631,3741,0,19,41,101,341,956,2008,5797,NA,NA,NA,NA
9/19/20,263,9,19,125435,355,9109,11,188,13665,40,NA,21,NA,NA,10029,21173,20950,19100,20798,16324,10487,15800,133,331,600,892,1587,2370,2632,3743,0,19,41,101,341,958,2010,5804,NA,NA,NA,NA
9/20/20,264,9,20,125789,376,9124,15,193,13688,50,NA,23,NA,NA,10102,21273,21017,19154,20847,16355,10502,15810,134,332,602,892,1587,2371,2633,3745,0,19,41,101,341,960,2013,5812,NA,NA,NA,NA
9/21/20,265,9,21,126165,410,9141,17,200,13710,40,NA,22,NA,NA,10176,21373,21083,19207,20897,16386,10516,15821,134,332,603,893,1588,2373,2634,3747,0,19,41,101,341,962,2015,5819,NA,NA,NA,NA
9/22/20,266,9,22,126575,427,9146,5,195,13722,45,NA,22,NA,NA,10250,21474,21149,19260,20947,16417,10531,15832,134,333,604,894,1589,2374,2635,3748,0,19,41,102,342,964,2018,5827,NA,NA,NA,NA
9/23/20,267,9,23,127002,450,9159,13,204,13750,45,NA,19,NA,NA,10324,21574,21215,19313,20997,16448,10545,15843,134,333,605,895,1590,2376,2636,3750,0,19,41,102,342,966,2020,5834,NA,NA,NA,NA
9/24/20,268,9,24,127452,462,9172,13,211,13777,52,NA,21,NA,NA,10423,21687,21302,19381,21057,16485,10563,15854,134,333,605,896,1592,2377,2638,3753,0,19,41,102,343,968,2023,5844,NA,NA,NA,NA
9/25/20,269,9,25,127914,525,9189,17,211,13805,49,NA,20,NA,NA,10522,21800,21390,19449,21117,16521,10582,15866,134,334,606,897,1593,2379,2640,3755,0,19,41,103,344,970,2026,5854,NA,NA,NA,NA
9/26/20,270,9,26,128439,555,9210,21,222,13839,49,NA,19,NA,NA,10621,21913,21477,19517,21177,16558,10600,15877,134,334,606,898,1595,2380,2642,3758,0,19,41,103,345,972,2029,5864,NA,NA,NA,NA
9/27/20,271,9,27,128994,563,9224,14,236,13877,57,NA,21,NA,NA,10720,22027,21564,19584,21236,16594,10618,15888,134,334,607,899,1597,2381,2643,3760,0,20,41,103,347,973,2031,5875,NA,NA,NA,NA
9/28/20,272,9,28,129556,575,9243,19,254,13908,65,NA,20,NA,NA,10819,22140,21651,19652,21296,16631,10636,15899,134,334,607,900,1599,2382,2645,3763,0,20,41,103,348,975,2034,5885,NA,NA,NA,NA
9/29/20,273,9,29,130131,577,9256,13,266,13941,63,NA,23,NA,NA,10918,22253,21739,19720,21356,16667,10655,15911,134,335,608,901,1600,2384,2647,3765,0,20,41,104,349,977,2037,5895,NA,NA,NA,NA
9/30/20,274,9,30,130708,583,9273,17,259,13970,61,NA,22,NA,NA,11017,22366,21826,19788,21416,16704,10673,15922,134,335,608,902,1602,2385,2649,3768,0,20,41,104,350,979,2040,5905,NA,NA,NA,NA
10/1/20,275,10,1,131291,593,9287,14,250,14003,53,NA,21,NA,NA,11137,22494,21930,19866,21485,16747,10694,15935,134,335,608,903,1603,2386,2651,3771,0,20,41,105,351,981,2043,5915,NA,NA,NA,NA
10/2/20,276,10,2,131884,576,9302,15,258,14039,56,NA,21,NA,NA,11256,22622,22034,19943,21554,16790,10716,15948,134,336,609,904,1604,2388,2654,3774,0,20,41,105,353,984,2046,5925,NA,NA,NA,NA
10/3/20,277,10,3,132460,578,9315,13,264,14078,55,NA,22,NA,NA,11376,22750,22138,20021,21623,16833,10737,15961,134,336,609,905,1605,2389,2656,3777,0,20,41,106,354,986,2049,5935,NA,NA,NA,NA
10/4/20,278,10,4,133037,593,9330,15,263,14106,50,NA,22,NA,NA,11496,22877,22242,20099,21692,16875,10759,15974,134,337,609,905,1607,2391,2658,3780,1,21,41,106,356,989,2052,5946,NA,NA,NA,NA
10/5/20,279,10,5,133631,615,9340,10,288,14146,49,NA,21,NA,NA,11616,23005,22346,20177,21761,16918,10780,15987,134,337,609,906,1608,2392,2660,3783,1,21,41,107,357,991,2055,5956,NA,NA,NA,NA
10/6/20,280,10,6,134246,633,9346,6,299,14181,55,NA,23,NA,NA,11735,23133,22450,20254,21830,16961,10802,16000,134,338,610,907,1609,2394,2663,3786,1,21,41,107,359,994,2058,5966,NA,NA,NA,NA
10/7/20,281,10,7,134878,633,9362,16,311,14216,60,NA,19,NA,NA,11855,23261,22554,20332,21899,17004,10823,16013,134,338,610,908,1610,2395,2665,3789,1,21,41,108,360,996,2061,5976,NA,NA,NA,NA
10/8/20,282,10,8,135511,629,9376,14,309,14249,63,NA,21,NA,NA,11985,23390,22664,20433,21995,17059,10852,16035,134,339,611,909,1611,2397,2668,3792,1,21,41,108,360,998,2064,5983,NA,NA,NA,NA
10/9/20,283,10,9,136141,607,9390,14,330,14296,64,NA,24,NA,NA,12115,23519,22775,20534,22092,17115,10881,16057,135,339,611,910,1612,2400,2670,3794,1,21,41,109,361,999,2068,5991,NA,NA,NA,NA
10/10/20,284,10,10,136748,614,9406,16,324,14332,65,NA,23,NA,NA,12245,23648,22885,20635,22188,17170,10910,16079,135,340,612,911,1613,2402,2673,3797,1,21,41,109,361,1001,2071,5998,NA,NA,NA,NA
10/11/20,285,10,11,137362,640,9423,17,322,14363,58,NA,24,NA,NA,12376,23776,22996,20737,22284,17225,10939,16102,136,341,613,911,1614,2405,2676,3800,1,21,41,109,362,1002,2075,6006,NA,NA,NA,NA
10/12/20,286,10,12,138002,656,9448,25,321,14397,58,NA,22,NA,NA,12506,23905,23106,20838,22380,17280,10968,16124,136,342,614,912,1615,2407,2679,3803,1,21,41,109,362,1004,2078,6013,NA,NA,NA,NA
10/13/20,287,10,13,138658,682,9463,15,325,14437,60,NA,21,NA,NA,12636,24034,23217,20939,22477,17336,10997,16146,137,342,614,913,1616,2410,2681,3805,1,21,41,110,363,1005,2082,6021,NA,NA,NA,NA
10/14/20,288,10,14,139340,700,9487,24,320,14482,59,NA,24,NA,NA,12766,24163,23327,21040,22573,17391,11026,16168,137,343,615,914,1617,2412,2684,3808,1,21,41,110,363,1007,2085,6028,NA,NA,NA,NA
10/15/20,289,10,15,140041,710,9504,17,316,14521,53,NA,25,NA,NA,12922,24313,23465,21159,22684,17463,11060,16194,137,344,615,915,1618,2414,2687,3811,1,21,41,110,364,1009,2088,6037,NA,NA,NA,NA
10/16/20,290,10,16,140751,779,9523,19,308,14557,61,NA,27,NA,NA,13077,24464,23603,21279,22795,17535,11095,16220,138,344,615,915,1619,2417,2690,3814,1,21,41,110,364,1011,2091,6045,NA,NA,NA,NA
10/17/20,291,10,17,141530,827,9542,19,311,14600,60,NA,26,NA,NA,13233,24614,23741,21398,22906,17607,11129,16246,138,345,618,916,1620,2419,2693,3817,1,21,41,110,365,1013,2094,6054,NA,NA,NA,NA
10/18/20,292,10,18,142357,870,9548,6,334,14642,61,NA,28,NA,NA,13389,24765,23878,21518,23016,17680,11163,16273,139,346,620,917,1620,2421,2696,3820,1,22,41,111,365,1016,2098,6063,NA,NA,NA,NA
10/19/20,293,10,19,143227,931,9570,22,342,14682,67,NA,32,NA,NA,13545,24915,24016,21637,23127,17752,11197,16299,139,347,621,918,1621,2423,2699,3823,1,22,41,111,366,1018,2101,6072,NA,NA,NA,NA
10/20/20,294,10,20,144158,982,9593,23,358,14725,66,NA,31,NA,NA,13700,25066,24154,21757,23238,17824,11232,16325,140,347,622,918,1622,2426,2702,3826,1,22,41,111,366,1020,2104,6080,NA,NA,NA,NA
10/21/20,295,10,21,145140,1017,9609,16,354,14770,75,NA,34,NA,NA,13856,25216,24292,21876,23349,17896,11266,16351,140,348,623,919,1623,2428,2705,3829,1,22,41,111,367,1022,2107,6089,NA,NA,NA,NA
10/22/20,296,10,22,146157,1039,9625,16,368,14832,79,NA,31,NA,NA,14049,25403,24473,22024,23481,17985,11309,16378,140,348,623,920,1625,2430,2708,3833,1,22,41,111,368,1024,2111,6101,NA,NA,NA,NA
10/23/20,297,10,23,147196,1103,9646,21,364,14877,82,NA,37,NA,NA,14243,25590,24654,22173,23612,18074,11351,16406,141,349,623,920,1626,2431,2711,3837,1,22,41,112,370,1026,2116,6112,NA,NA,NA,NA
10/24/20,298,10,24,148298,1135,9671,25,362,14926,82,NA,38,NA,NA,14436,25777,24835,22321,23744,18163,11394,16433,141,349,623,921,1628,2433,2714,3841,1,22,41,112,371,1028,2120,6124,NA,NA,NA,NA
10/25/20,299,10,25,149433,1169,9688,17,377,14967,79,NA,38,NA,NA,14629,25963,25017,22469,23876,18253,11437,16460,141,349,623,922,1630,2434,2718,3845,1,23,41,113,372,1031,2125,6136,NA,NA,NA,NA
10/26/20,300,10,26,150602,1170,9714,26,400,15024,82,NA,41,NA,NA,14822,26150,25198,22617,24008,18342,11480,16487,141,349,623,923,1632,2436,2721,3849,1,23,41,113,373,1033,2129,6148,NA,NA,NA,NA
10/27/20,301,10,27,151772,1156,9735,21,403,15077,77,NA,42,NA,NA,15016,26337,25379,22766,24139,18431,11522,16515,142,350,623,923,1633,2437,2724,3853,1,23,41,114,375,1035,2134,6159,NA,NA,NA,NA
10/28/20,302,10,28,152928,1168,9754,19,393,15128,73,NA,43,NA,NA,15209,26524,25560,22914,24271,18520,11565,16542,142,350,623,924,1635,2439,2727,3857,1,23,41,114,376,1037,2138,6171,NA,NA,NA,NA
10/29/20,303,10,29,154096,1173,9773,19,407,15184,80,NA,41,NA,NA,15451,26807,25799,23113,24455,18645,11623,16583,142,351,624,925,1636,2442,2731,3861,1,23,41,114,377,1040,2142,6181,NA,NA,NA,NA
10/30/20,304,10,30,155264,1218,9792,19,434,15242,89,NA,48,NA,NA,15694,27090,26037,23312,24639,18771,11680,16623,143,351,625,927,1637,2445,2735,3866,1,23,41,115,377,1042,2145,6191,NA,NA,NA,NA
10/31/20,305,10,31,156476,1298,9804,12,436,15291,86,NA,47,NA,NA,15936,27373,26276,23511,24823,18896,11738,16664,143,352,626,928,1638,2448,2739,3870,1,23,41,115,378,1045,2149,6201,NA,NA,NA,NA
11/1/20,306,11,1,157768,1402,9825,20,469,15353,96,NA,50,NA,NA,16178,27656,26515,23711,25008,19022,11796,16705,144,352,628,930,1639,2450,2743,3874,1,24,42,116,378,1048,2152,6211,NA,NA,NA,NA
11/2/20,307,11,2,159165,1549,9849,24,485,15411,96,NA,51,NA,NA,16420,27939,26754,23910,25192,19147,11854,16746,144,353,629,931,1640,2453,2747,3878,1,24,42,116,379,1051,2156,6221,NA,NA,NA,NA
11/3/20,308,11,3,160708,1708,9865,16,502,15475,109,NA,55,NA,NA,16663,28222,26992,24109,25376,19273,11911,16786,145,353,630,933,1641,2456,2751,3883,1,24,42,117,379,1053,2159,6231,NA,NA,NA,NA
11/4/20,309,11,4,162411,1774,9894,29,498,15535,115,NA,56,NA,NA,16905,28505,27231,24308,25560,19398,11969,16827,145,354,631,934,1642,2459,2755,3887,1,24,42,117,380,1056,2163,6241,NA,NA,NA,NA
11/5/20,310,11,5,164179,1834,9918,24,513,15600,118,NA,57,NA,NA,17228,28902,27557,24576,25812,19563,12046,16880,145,354,631,935,1644,2461,2759,3893,1,24,42,117,381,1058,2168,6255,NA,NA,NA,NA
11/6/20,311,11,6,166013,2025,9931,13,535,15690,127,NA,60,NA,NA,17550,29300,27883,24843,26065,19728,12122,16932,146,355,632,937,1647,2464,2763,3899,1,24,42,118,382,1060,2173,6268,NA,NA,NA,NA
11/7/20,312,11,7,168038,2156,9957,26,568,15793,144,NA,62,NA,NA,17873,29697,28209,25111,26317,19893,12199,16985,146,355,632,938,1649,2466,2767,3905,1,24,42,118,383,1062,2178,6282,NA,NA,NA,NA
11/8/20,313,11,8,170194,2226,9977,20,588,15871,143,NA,66,NA,NA,18196,30094,28536,25379,26569,20059,12276,17037,147,356,633,940,1651,2468,2772,3910,1,24,43,119,384,1064,2184,6296,NA,NA,NA,NA
11/9/20,314,11,9,172420,2307,10001,24,618,15943,150,NA,68,NA,NA,18519,30491,28862,25647,26821,20224,12353,17090,147,356,633,941,1653,2470,2776,3916,1,24,43,119,385,1066,2189,6310,NA,NA,NA,NA
11/10/20,315,11,10,174727,2359,10026,25,659,16034,152,NA,72,NA,NA,18841,30889,29188,25914,27074,20389,12429,17142,148,357,634,943,1656,2473,2780,3922,1,24,43,120,386,1068,2194,6323,NA,NA,NA,NA
11/11/20,316,11,11,177086,2414,10058,32,661,16131,151,NA,68,NA,NA,19164,31286,29514,26182,27326,20554,12506,17195,148,357,634,944,1658,2475,2784,3928,1,24,43,120,387,1070,2199,6337,NA,NA,NA,NA
11/12/20,317,11,12,179500,2449,10082,24,687,16214,153,NA,71,NA,NA,19556,31788,29912,26504,27653,20769,12607,17269,149,358,636,946,1660,2479,2789,3935,1,24,43,120,388,1073,2203,6351,NA,NA,NA,NA
11/13/20,318,11,13,181949,2500,10101,19,705,16325,151,NA,71,NA,NA,19949,32291,30309,26826,27980,20985,12708,17344,149,360,638,948,1663,2482,2794,3942,1,24,44,121,388,1076,2208,6366,NA,NA,NA,NA
11/14/20,319,11,14,184448,2544,10128,27,737,16423,159,NA,70,NA,NA,20341,32793,30707,27148,28307,21200,12809,17418,150,361,640,950,1665,2486,2799,3949,1,24,44,121,389,1079,2212,6380,NA,NA,NA,NA
11/15/20,320,11,15,186993,2581,10160,32,781,16512,159,NA,74,NA,NA,20734,33296,31105,27471,28633,21416,12910,17493,151,362,641,953,1668,2490,2804,3957,1,24,44,121,390,1081,2217,6394,NA,NA,NA,NA
11/16/20,321,11,16,189574,2584,10189,29,835,16624,159,NA,73,NA,NA,21126,33798,31503,27793,28960,21631,13011,17567,152,363,643,955,1670,2494,2809,3964,1,24,44,121,391,1084,2221,6408,NA,NA,NA,NA
11/17/20,322,11,17,192158,2619,10213,24,885,16770,173,NA,72,NA,NA,21519,34301,31900,28115,29287,21847,13112,17642,152,365,645,957,1673,2497,2814,3971,1,24,45,122,391,1087,2226,6423,NA,NA,NA,NA
11/18/20,323,11,18,194776,2626,10239,26,917,16912,181,NA,75,NA,NA,21911,34803,32298,28437,29614,22062,13213,17716,153,366,647,959,1675,2501,2819,3978,1,24,45,122,392,1090,2230,6437,NA,NA,NA,NA
11/19/20,324,11,19,197402,2627,10258,19,904,17041,179,NA,75,NA,NA,22346,35333,32742,28799,29985,22308,13335,17804,153,367,648,961,1678,2504,2823,3985,1,24,45,122,394,1092,2236,6455,NA,NA,NA,NA
11/20/20,325,11,20,200029,2635,10289,31,891,17150,187,NA,85,NA,NA,22780,35863,33185,29161,30357,22554,13458,17893,154,367,648,962,1681,2508,2828,3993,1,24,45,123,395,1094,2242,6473,NA,NA,NA,NA
11/21/20,326,11,21,202664,2729,10317,28,893,17286,192,NA,88,NA,NA,23215,36393,33629,29523,30728,22800,13580,17981,154,368,649,964,1684,2511,2832,4000,1,24,45,123,397,1096,2248,6491,NA,NA,NA,NA
11/22/20,327,11,22,205393,2732,10347,30,922,17407,204,NA,91,NA,NA,23650,36922,34072,29886,31099,23047,13702,18069,154,369,650,965,1686,2514,2836,4007,1,24,46,123,399,1099,2255,6510,NA,NA,NA,NA
11/23/20,328,11,23,208125,2367,10382,35,954,17519,205,NA,99,NA,NA,24085,37452,34516,30248,31470,23293,13824,18157,154,370,651,967,1689,2517,2840,4014,1,24,46,123,401,1101,2261,6528,NA,NA,NA,NA
11/24/20,329,11,24,210493,2443,10409,27,942,17643,208,NA,108,NA,NA,24519,37982,34959,30610,31842,23539,13947,18246,155,370,651,968,1692,2521,2845,4022,1,24,46,124,402,1103,2267,6546,NA,NA,NA,NA
11/25/20,330,11,25,212936,2607,10438,29,966,17759,211,NA,107,NA,NA,24954,38512,35403,30972,32213,23785,14069,18334,155,371,652,970,1695,2524,2849,4029,1,24,46,124,404,1105,2273,6564,NA,NA,NA,NA
11/26/20,331,11,26,215543,2688,10463,25,986,17888,209,NA,109,NA,NA,25503,39196,35966,31436,32703,24105,14226,18447,156,372,654,972,1698,2530,2855,4037,1,24,46,124,405,1109,2279,6585,NA,NA,NA,NA
11/27/20,332,11,27,218231,2962,10503,40,1045,17999,225,NA,111,NA,NA,26052,39879,36530,31900,33192,24426,14383,18561,156,373,656,974,1701,2535,2861,4046,1,24,47,125,407,1112,2285,6606,NA,NA,NA,NA
11/28/20,333,11,28,221192,3258,10545,42,1081,18138,238,NA,110,NA,NA,26601,40563,37093,32364,33682,24746,14540,18674,157,374,658,976,1704,2541,2867,4054,1,24,47,125,408,1116,2291,6627,NA,NA,NA,NA
11/29/20,334,11,29,224450,3708,10573,28,1174,18297,244,NA,126,NA,NA,27150,41247,37657,32827,34171,25067,14698,18788,157,375,659,978,1707,2546,2873,4063,1,25,48,126,410,1120,2296,6647,NA,NA,NA,NA
11/30/20,335,11,30,228158,4475,10615,42,1191,18424,239,NA,130,NA,NA,27699,41931,38220,33291,34661,25387,14855,18901,158,376,661,980,1710,2552,2879,4071,1,25,48,126,411,1124,2302,6668,NA,NA,NA,NA
12/1/20,336,12,1,232633,4750,10661,46,1259,18610,264,NA,126,NA,NA,28248,42614,38784,33755,35150,25708,15012,19015,158,377,663,982,1713,2557,2885,4080,1,25,49,127,413,1127,2308,6689,NA,NA,NA,NA
12/2/20,337,12,2,237382,4647,10694,33,1324,18818,261,NA,137,NA,NA,28797,43298,39347,34219,35640,26028,15169,19128,159,378,665,984,1716,2563,2891,4088,1,25,49,127,414,1131,2314,6710,NA,NA,NA,NA
12/3/20,338,12,3,242029,4695,10739,45,1394,19003,278,NA,134,NA,NA,29485,44101,40019,34790,36236,26421,15361,19270,160,378,666,986,1719,2568,2897,4097,1,25,49,128,416,1135,2323,6736,NA,NA,NA,NA
12/4/20,339,12,4,246724,4796,10789,50,1428,19190,283,NA,138,NA,NA,30172,44904,40692,35360,36832,26814,15553,19412,160,379,667,988,1722,2572,2902,4105,1,25,49,128,418,1140,2331,6763,NA,NA,NA,NA
12/5/20,340,12,5,251520,4730,10833,44,1416,19382,298,NA,139,NA,NA,30860,45707,41364,35931,37428,27207,15745,19554,161,379,668,990,1725,2577,2908,4114,1,25,49,129,420,1144,2340,6789,NA,NA,NA,NA
12/6/20,341,12,6,256250,4634,10881,48,1516,19567,302,NA,153,NA,NA,31547,46511,42036,36501,38023,27600,15938,19696,161,380,668,991,1727,2582,2913,4122,1,25,50,129,421,1148,2349,6816,NA,NA,NA,NA
12/7/20,342,12,7,260884,4584,10942,61,1552,19743,310,NA,166,NA,NA,32235,47314,42708,37072,38619,27993,16130,19838,162,380,669,993,1730,2587,2919,4131,1,25,50,130,423,1152,2358,6842,NA,NA,NA,NA
12/8/20,343,12,8,265468,4532,10984,42,1576,19978,308,NA,162,NA,NA,32922,48117,43381,37642,39215,28386,16322,19980,162,381,670,995,1733,2591,2924,4139,1,25,50,130,425,1157,2366,6869,NA,NA,NA,NA
12/9/20,344,12,9,270000,4629,11035,51,1607,20229,307,NA,168,NA,NA,33610,48920,44053,38213,39811,28779,16514,20122,163,381,671,997,1736,2596,2930,4148,1,25,50,131,427,1161,2375,6895,NA,NA,NA,NA
12/10/20,345,12,10,274629,4644,11088,53,1605,20451,309,NA,165,NA,NA,34398,49833,44815,38864,40509,29247,16740,20292,164,382,673,999,1740,2602,2938,4159,1,25,50,132,429,1167,2385,6924,NA,NA,NA,NA
12/11/20,346,12,11,279273,4652,11136,48,1670,20688,334,NA,170,NA,NA,35187,50746,45578,39516,41208,29714,16966,20463,165,384,675,1001,1743,2608,2946,4170,1,25,51,132,430,1173,2395,6952,NA,NA,NA,NA
12/12/20,347,12,12,283925,4737,11185,49,1707,20941,342,NA,178,NA,NA,35975,51659,46340,40167,41906,30182,17192,20633,166,385,677,1003,1747,2614,2954,4181,1,25,51,133,432,1179,2405,6981,NA,NA,NA,NA
12/13/20,348,12,13,288662,4770,11239,54,1788,21135,354,NA,186,NA,NA,36763,52573,47103,40819,42604,30650,17418,20804,166,386,680,1006,1751,2619,2962,4193,2,26,52,134,433,1185,2414,7010,NA,NA,NA,NA
12/14/20,349,12,14,293431,4214,11292,53,1834,21346,371,NA,200,NA,NA,37551,53486,47865,41470,43302,31118,17644,20974,167,387,682,1008,1755,2625,2970,4204,2,26,52,135,435,1191,2424,7039,NA,NA,NA,NA
12/15/20,350,12,15,297645,4321,11337,45,1851,21580,382,NA,205,NA,NA,38340,54399,48628,42122,44001,31585,17870,21145,168,389,684,1010,1758,2631,2978,4215,2,26,53,135,436,1197,2434,7067,NA,NA,NA,NA
12/16/20,351,12,16,301967,4434,11387,50,1871,21824,383,NA,207,NA,NA,39128,55312,49390,42773,44699,32053,18096,21315,169,390,686,1012,1762,2637,2986,4226,2,26,53,136,438,1203,2444,7096,NA,NA,NA,NA
12/17/20,352,12,17,306400,4452,11443,56,1874,22069,370,NA,204,NA,NA,39894,56123,50098,43398,45378,32523,18329,21495,169,391,687,1013,1764,2642,2992,4237,2,26,53,137,441,1209,2457,7129,NA,NA,NA,NA
12/18/20,353,12,18,310852,4482,11499,56,1927,22270,383,NA,196,NA,NA,40661,56933,50806,44023,46056,32993,18562,21676,170,391,688,1015,1767,2646,2999,4248,2,26,53,137,443,1214,2470,7162,NA,NA,NA,NA
12/19/20,354,12,19,315334,4474,11559,60,1919,22501,387,NA,205,NA,NA,41427,57744,51514,44648,46735,33463,18795,21856,170,392,689,1016,1769,2651,3005,4259,2,26,53,138,446,1220,2483,7195,NA,NA,NA,NA
12/20/20,355,12,20,319808,4306,11617,58,1991,22740,410,NA,215,NA,NA,42194,58555,52221,45273,47413,33932,19029,22037,170,392,689,1018,1772,2655,3011,4271,2,27,54,139,448,1225,2496,7228,NA,NA,NA,NA
12/21/20,356,12,21,324114,4459,11666,49,2004,22926,412,NA,233,NA,NA,42960,59366,52929,45898,48092,34402,19262,22217,170,393,690,1019,1774,2660,3017,4282,2,27,54,140,451,1231,2509,7261,NA,NA,NA,NA
12/22/20,357,12,22,328573,3714,11739,73,2066,23181,409,NA,226,NA,NA,43727,60176,53637,46523,48770,34872,19495,22398,171,393,691,1021,1777,2664,3024,4293,2,27,54,140,453,1236,2522,7294,NA,NA,NA,NA
12/23/20,358,12,23,332288,3792,11789,50,2095,23449,409,NA,232,NA,NA,44493,60987,54345,47148,49449,35342,19728,22578,171,394,692,1022,1779,2669,3030,4304,2,27,54,141,456,1242,2535,7327,NA,NA,NA,NA
12/24/20,359,12,24,336079,3839,11869,80,2091,23697,409,NA,250,NA,NA,45245,61794,55069,47779,50148,35834,19975,22771,171,395,693,1024,1782,2674,3038,4318,2,27,54,142,458,1249,2549,7363,NA,NA,NA,NA
12/25/20,360,12,25,339919,4113,11935,66,2077,23944,416,NA,232,NA,NA,45998,62601,55794,48411,50847,36325,20223,22965,172,397,694,1026,1785,2679,3046,4332,2,28,55,142,461,1256,2563,7399,NA,NA,NA,NA
12/26/20,361,12,26,344031,4290,11996,61,2156,24167,416,NA,230,NA,NA,46750,63408,56518,49042,51546,36817,20470,23158,172,398,695,1028,1788,2684,3054,4346,2,28,55,143,463,1263,2577,7435,NA,NA,NA,NA
12/27/20,362,12,27,348321,4468,12056,60,2230,24418,430,NA,234,NA,NA,47502,64214,57242,49673,52244,37308,20718,23352,173,399,697,1030,1791,2690,3063,4361,2,29,56,143,466,1269,2591,7470,NA,NA,NA,NA
12/28/20,363,12,28,352789,4685,12132,76,2259,24641,431,NA,225,NA,NA,48254,65021,57966,50304,52943,37800,20965,23545,173,400,698,1032,1794,2695,3071,4375,2,29,56,144,468,1276,2605,7506,NA,NA,NA,NA
12/29/20,364,12,29,357474,4810,12209,77,2257,24907,433,NA,231,NA,NA,49007,65828,58691,50936,53642,38291,21213,23739,174,402,699,1034,1797,2700,3079,4389,2,30,57,144,471,1283,2619,7542,NA,NA,NA,NA
12/30/20,365,12,30,362284,4881,12265,56,2271,25201,417,NA,240,NA,NA,49759,66635,59415,51567,54341,38783,21460,23932,174,403,700,1036,1800,2705,3087,4403,2,30,57,145,473,1290,2633,7578,NA,NA,NA,NA
12/31/20,366,12,31,367165,4927,12348,83,2323,25502,429,NA,258,NA,NA,50702,67586,60248,52298,55129,39322,21729,24136,174,403,701,1037,1802,2710,3094,4417,2,30,57,146,476,1298,2649,7618,NA,NA,NA,NA
1/1/21,367,1,1,372092,5020,12411,63,2280,25781,412,NA,246,NA,NA,51646,68538,61081,53030,55917,39860,21999,24340,174,404,701,1039,1804,2716,3100,4430,2,31,58,147,480,1306,2665,7657,NA,NA,NA,NA
1/2/21,368,1,2,377112,5096,12490,79,2291,26010,416,NA,258,NA,NA,52589,69489,61914,53761,56705,40399,22268,24544,174,404,702,1040,1806,2721,3107,4444,2,31,58,148,483,1314,2681,7697,NA,NA,NA,NA
1/3/21,369,1,3,382208,5288,12552,62,2339,26255,423,NA,258,NA,NA,53532,70441,62748,54492,57494,40938,22538,24747,174,405,702,1041,1808,2727,3113,4458,2,31,59,148,487,1323,2697,7736,NA,NA,NA,NA
1/4/21,370,1,4,387496,5615,12615,63,2428,26478,425,NA,264,NA,NA,54475,71392,63581,55223,58282,41477,22807,24951,174,405,703,1042,1810,2732,3120,4472,2,31,59,149,490,1331,2713,7776,NA,NA,NA,NA
1/5/21,371,1,5,393111,6242,12684,69,2416,26793,442,NA,281,NA,NA,55419,72344,64414,55955,59070,42015,23077,25155,174,406,703,1044,1812,2738,3126,4485,2,32,60,150,494,1339,2729,7815,NA,NA,NA,NA
1/6/21,372,1,6,399353,6086,12769,85,2386,27055,455,NA,277,NA,NA,56362,73295,65247,56686,59858,42554,23346,25359,174,406,704,1045,1814,2743,3133,4499,2,32,60,151,497,1347,2745,7855,NA,NA,NA,NA
1/7/21,373,1,7,405439,5999,12842,73,2311,27336,440,NA,280,NA,NA,57358,74299,66091,57425,60664,43098,23626,25570,175,407,705,1047,1817,2748,3140,4513,2,32,60,152,500,1357,2760,7894,NA,NA,NA,NA
1/8/21,374,1,8,411439,5631,12911,69,2291,27603,445,NA,280,NA,NA,58354,75304,66936,58165,61470,43641,23905,25782,175,408,706,1049,1821,2754,3148,4526,2,33,61,153,502,1368,2775,7934,NA,NA,NA,NA
1/9/21,375,1,9,417070,5321,12987,76,2225,27860,459,NA,282,NA,NA,59350,76308,67780,58904,62276,44185,24185,25993,176,409,707,1051,1824,2759,3155,4540,2,33,61,154,505,1378,2790,7973,NA,NA,NA,NA
1/10/21,376,1,10,422391,5011,13073,86,2211,28073,451,NA,285,NA,NA,60345,77312,68625,59643,63081,44728,24464,26205,177,411,708,1053,1827,2764,3163,4553,3,33,61,155,507,1389,2805,8012,NA,NA,NA,NA
1/11/21,377,1,11,427402,4803,13132,59,2219,28262,451,NA,271,NA,NA,61341,78316,69469,60382,63887,45272,24744,26416,178,412,709,1055,1830,2769,3170,4567,3,33,61,156,510,1399,2820,8051,NA,NA,NA,NA
1/12/21,378,1,12,432205,4612,13200,68,2205,28532,461,NA,286,NA,NA,62337,79321,70314,61122,64693,45815,25023,26628,178,413,710,1057,1834,2775,3178,4580,3,34,62,157,512,1410,2835,8091,NA,NA,NA,NA
1/13/21,379,1,13,436817,4479,13280,80,2226,28863,454,NA,294,NA,NA,63333,80325,71158,61861,65499,46359,25303,26839,179,414,711,1059,1837,2780,3185,4594,3,34,62,158,515,1420,2850,8130,NA,NA,NA,NA
1/14/21,380,1,14,441296,4424,13348,68,2201,29162,451,NA,293,NA,NA,64340,81286,71947,62569,66261,46869,25561,27027,179,414,712,1060,1839,2785,3191,4604,3,34,62,159,518,1429,2866,8170,NA,NA,NA,NA
1/15/21,381,1,15,445720,4117,13413,65,2197,29442,433,NA,294,NA,NA,65347,82247,72737,63277,67023,47379,25820,27216,180,414,712,1060,1841,2790,3197,4614,3,35,62,160,521,1439,2882,8210,NA,NA,NA,NA
1/16/21,382,1,16,449837,4095,13477,64,2165,29712,433,NA,288,NA,NA,66354,83208,73526,63985,67785,47889,26078,27404,180,414,713,1061,1843,2795,3203,4624,3,35,62,161,524,1448,2898,8250,NA,NA,NA,NA
1/17/21,383,1,17,453932,4030,13540,63,2206,29942,427,NA,288,NA,NA,67360,84170,74315,64693,68546,48399,26337,27593,180,415,714,1062,1844,2800,3208,4633,3,35,63,162,528,1458,2913,8290,NA,NA,NA,NA
1/18/21,384,1,18,457963,3936,13607,67,2213,30141,432,NA,277,NA,NA,68367,85131,75104,65401,69308,48909,26595,27781,180,415,715,1063,1846,2805,3214,4643,3,35,63,163,531,1467,2929,8330,NA,NA,NA,NA
1/19/21,385,1,19,461899,3871,13670,63,2209,30377,444,NA,299,NA,NA,69374,86092,75894,66109,70070,49419,26854,27970,181,415,715,1063,1848,2810,3220,4653,3,36,63,164,534,1477,2945,8370,NA,NA,NA,NA
1/20/21,386,1,20,465771,3839,13743,73,2152,30608,430,NA,287,NA,NA,70381,87053,76683,66817,70832,49929,27112,28158,181,415,716,1064,1850,2815,3226,4663,3,36,63,165,537,1486,2961,8410,NA,NA,NA,NA
1/21/21,387,1,21,469610,3782,13811,68,2098,30830,426,NA,282,NA,NA,71163,87780,77276,67351,71423,50330,27324,28317,182,416,717,1065,1853,2819,3231,4670,3,36,63,166,539,1495,2975,8446,NA,NA,NA,NA
1/22/21,388,1,22,473391,3786,13896,85,2055,31086,418,NA,291,NA,NA,71946,88506,77869,67886,72015,50731,27535,28475,182,417,718,1067,1855,2822,3236,4677,3,37,64,166,542,1503,2989,8483,NA,NA,NA,NA
1/23/21,389,1,23,477178,3556,13966,70,1946,31300,409,NA,286,NA,NA,72728,89233,78462,68420,72606,51132,27747,28634,183,418,719,1068,1858,2826,3241,4684,3,37,64,167,544,1512,3003,8519,NA,NA,NA,NA
1/24/21,390,1,24,480734,3364,14025,59,1955,31486,418,NA,285,NA,NA,73510,89960,79056,68954,73197,51534,27958,28793,184,419,719,1069,1860,2829,3247,4692,3,37,65,168,546,1520,3016,8556,NA,NA,NA,NA
1/25/21,391,1,25,484097,3187,14089,64,1951,31658,431,NA,278,NA,NA,74292,90687,79649,69488,73788,51935,28170,28952,185,420,720,1070,1863,2833,3252,4699,3,37,65,169,548,1529,3030,8592,NA,NA,NA,NA
1/26/21,392,1,26,487284,3002,14182,93,1930,31874,418,NA,270,NA,NA,75075,91413,80242,70023,74380,52336,28381,29110,185,421,721,1072,1865,2836,3257,4706,3,38,66,169,551,1537,3044,8629,NA,NA,NA,NA
1/27/21,393,1,27,490286,2895,14266,84,1878,32093,405,NA,255,NA,NA,75857,92140,80835,70557,74971,52737,28593,29269,186,422,722,1073,1868,2840,3262,4713,3,38,66,170,553,1546,3058,8665,NA,NA,NA,NA
1/28/21,394,1,28,493180,2858,14349,83,1789,32297,412,NA,248,NA,NA,76552,92749,81341,71008,75458,53071,28762,29387,186,422,723,1073,1869,2844,3267,4720,3,38,66,171,556,1553,3074,8704,NA,NA,NA,NA
1/29/21,395,1,29,496039,2623,14412,63,1739,32494,393,NA,239,NA,NA,77247,93359,81848,71459,75944,53405,28931,29504,186,422,723,1074,1871,2847,3273,4727,3,39,67,172,560,1561,3090,8742,NA,NA,NA,NA
1/30/21,396,1,30,498662,2423,14468,56,1676,32677,371,NA,231,NA,NA,77942,93968,82354,71910,76431,53739,29100,29622,186,422,724,1074,1872,2851,3278,4734,3,39,67,173,563,1568,3106,8781,NA,NA,NA,NA
1/31/21,397,1,31,501085,2448,14532,64,1676,32819,373,NA,222,NA,NA,78638,94577,82860,72361,76917,54073,29268,29740,186,422,724,1075,1874,2855,3284,4741,4,39,67,174,567,1576,3122,8820,NA,NA,NA,NA
2/1/21,398,2,1,503532,2419,14597,65,1640,32982,353,NA,224,NA,NA,79333,95186,83366,72812,77404,54407,29437,29858,186,422,725,1075,1875,2859,3289,4748,4,39,67,175,570,1583,3138,8859,NA,NA,NA,NA
2/2/21,399,2,2,505952,2398,14650,53,1635,33143,335,NA,203,NA,NA,80028,95796,83873,73263,77890,54741,29606,29975,186,422,725,1076,1877,2862,3295,4755,4,40,68,176,574,1591,3154,8897,NA,NA,NA,NA
2/3/21,400,2,3,508350,2368,14709,59,1554,33304,335,NA,208,NA,NA,80723,96405,84379,73714,78377,55075,29775,30093,186,422,726,1076,1878,2866,3300,4762,4,40,68,177,577,1598,3170,8936,NA,NA,NA,NA
2/4/21,401,2,4,510718,2294,14770,61,1503,33477,322,NA,196,NA,NA,81260,96880,84758,74039,78739,55319,29906,30183,187,423,726,1077,1880,2869,3304,4767,4,40,68,178,580,1605,3182,8966,NA,NA,NA,NA
2/5/21,402,2,5,513011,2284,14839,69,1451,33646,310,NA,189,NA,NA,81797,97355,85136,74365,79102,55562,30037,30274,187,424,727,1078,1882,2871,3309,4771,4,40,69,178,583,1612,3195,8995,NA,NA,NA,NA
2/6/21,403,2,6,515296,2222,14887,48,1389,33825,318,NA,191,NA,NA,82334,97830,85515,74690,79464,55806,30168,30364,188,425,727,1079,1884,2874,3313,4776,4,40,69,179,586,1619,3207,9025,NA,NA,NA,NA
2/7/21,404,2,7,517518,2077,14928,41,1387,33963,329,NA,188,NA,NA,82872,98305,85894,75015,79826,56050,30299,30455,188,427,728,1080,1885,2876,3318,4781,4,41,70,180,588,1625,3220,9055,NA,NA,NA,NA
2/8/21,405,2,8,519595,1961,14970,42,1401,34086,324,NA,191,NA,NA,83409,98780,86273,75340,80188,56294,30430,30545,189,428,728,1081,1887,2879,3322,4786,4,41,70,181,591,1632,3232,9085,NA,NA,NA,NA
2/9/21,406,2,9,521556,1845,15016,46,1358,34230,309,NA,183,NA,NA,83946,99255,86651,75666,80551,56537,30561,30636,189,429,729,1082,1889,2881,3327,4790,4,41,71,181,594,1639,3245,9114,NA,NA,NA,NA
2/10/21,407,2,10,523402,1792,15083,67,1313,34358,304,NA,185,NA,NA,84483,99730,87030,75991,80913,56781,30692,30726,190,430,729,1083,1891,2884,3331,4795,4,41,71,182,597,1646,3257,9144,NA,NA,NA,NA
2/11/21,408,2,11,525193,1790,15136,53,1223,34483,300,NA,180,NA,NA,84949,100134,87350,76257,81202,56981,30792,30786,190,430,730,1083,1892,2887,3336,4801,4,41,71,183,601,1653,3271,9176,NA,NA,NA,NA
2/12/21,409,2,12,526983,1646,15191,55,1149,34602,291,NA,196,NA,NA,85414,100537,87670,76524,81492,57182,30892,30845,190,430,730,1083,1894,2889,3341,4807,4,42,71,184,604,1661,3284,9207,NA,NA,NA,NA
2/13/21,410,2,13,528629,1644,15227,36,1125,34724,290,NA,183,NA,NA,85880,100941,87990,76790,81781,57382,30992,30905,190,430,731,1083,1895,2892,3346,4813,4,42,71,185,608,1668,3298,9239,NA,NA,NA,NA
2/14/21,411,2,14,530273,1588,15295,68,1107,34830,286,NA,174,NA,NA,86346,101345,88310,77057,82070,57582,31092,30965,190,430,731,1084,1897,2895,3352,4820,5,43,72,187,611,1675,3312,9270,NA,NA,NA,NA
2/15/21,412,2,15,531861,1532,15339,44,1096,34929,275,NA,177,NA,NA,86812,101749,88630,77323,82359,57782,31192,31025,190,430,732,1084,1898,2898,3357,4826,5,43,72,188,615,1682,3326,9302,NA,NA,NA,NA
2/16/21,413,2,16,533393,1495,15394,55,1088,35026,273,NA,179,NA,NA,87277,102152,88950,77590,82649,57983,31292,31084,190,430,732,1084,1900,2900,3362,4832,5,44,72,189,618,1690,3339,9333,NA,NA,NA,NA
2/17/21,414,2,17,534888,1484,15426,32,1029,35123,271,NA,173,NA,NA,87743,102556,89270,77856,82938,58183,31392,31144,190,430,733,1084,1901,2903,3367,4838,5,44,72,190,622,1697,3353,9365,NA,NA,NA,NA
2/18/21,415,2,18,536372,1500,15467,41,990,35227,258,NA,163,NA,NA,88127,102896,89524,78065,83172,58340,31471,31193,191,431,733,1085,1902,2905,3370,4840,5,44,72,191,625,1704,3363,9386,NA,NA,NA,NA
2/19/21,416,2,19,537872,1567,15516,49,970,35319,246,NA,152,NA,NA,88510,103236,89777,78274,83405,58497,31550,31243,191,432,734,1086,1904,2907,3373,4842,5,45,73,191,627,1710,3373,9406,NA,NA,NA,NA
2/20/21,417,2,20,539439,1553,15550,34,927,35405,234,NA,153,NA,NA,88894,103576,90031,78483,83639,58654,31629,31292,192,433,734,1087,1905,2909,3376,4844,5,45,73,192,630,1717,3383,9427,NA,NA,NA,NA
2/21/21,418,2,21,540992,1526,15590,40,888,35496,229,NA,140,NA,NA,89278,103916,90284,78691,83872,58812,31709,31342,192,433,735,1087,1907,2910,3379,4845,5,45,73,193,633,1723,3392,9448,NA,NA,NA,NA
2/22/21,419,2,22,542518,1509,15628,38,879,35584,225,NA,147,NA,NA,89662,104256,90538,78900,84106,58969,31788,31391,193,434,735,1088,1908,2912,3382,4847,5,45,73,194,636,1730,3402,9469,NA,NA,NA,NA
2/23/21,420,2,23,544027,1506,15667,39,875,35688,219,NA,151,NA,NA,90045,104596,90791,79109,84339,59126,31867,31441,193,435,736,1089,1910,2914,3385,4849,5,46,74,194,638,1736,3412,9489,NA,NA,NA,NA
2/24/21,421,2,24,545533,1497,15710,43,853,35802,221,NA,142,NA,NA,90429,104936,91045,79318,84573,59283,31946,31490,194,436,736,1090,1911,2916,3388,4851,5,46,74,195,641,1743,3422,9510,NA,NA,NA,NA
2/25/21,422,2,25,547030,1488,15757,47,807,35890,211,NA,137,NA,NA,90828,105261,91296,79525,84790,59433,32010,31525,194,436,737,1090,1912,2919,3392,4855,5,46,74,196,644,1750,3434,9535,NA,NA,NA,NA
2/26/21,423,2,26,548518,1442,15799,42,785,35987,204,NA,139,NA,NA,91226,105586,91548,79733,85007,59583,32074,31560,194,436,738,1091,1913,2921,3396,4860,5,47,75,198,647,1758,3447,9560,NA,NA,NA,NA
2/27/21,424,2,27,549929,1387,15848,49,760,36079,183,NA,124,NA,NA,91625,105911,91799,79940,85224,59733,32138,31595,194,436,739,1091,1914,2924,3400,4864,5,47,75,199,650,1765,3459,9585,NA,NA,NA,NA
2/28/21,425,2,28,551285,1371,15886,38,788,36168,184,NA,119,NA,NA,92024,106237,92051,80147,85440,59882,32203,31630,194,436,739,1092,1916,2926,3404,4869,5,47,76,200,654,1773,3471,9611,NA,NA,NA,NA
3/1/21,426,3,1,552626,1364,15946,48,775,36233,187,NA,116,NA,NA,92423,106562,92302,80354,85657,60032,32267,31665,194,436,740,1092,1917,2929,3408,4873,5,47,76,201,657,1780,3483,9636,NA,NA,NA,NA
3/2/21,427,3,2,553959,1357,15976,30,755,36328,173,NA,109,NA,NA,92821,106887,92554,80562,85874,60182,32331,31700,194,436,741,1093,1918,2931,3412,4878,5,48,77,203,660,1788,3496,9661,NA,NA,NA,NA
3/3/21,428,3,3,555285,1343,16006,30,741,36417,168,NA,100,NA,NA,93220,107212,92805,80769,86091,60332,32395,31735,194,436,742,1093,1919,2934,3416,4882,5,48,77,204,663,1795,3508,9686,NA,NA,NA,NA
3/4/21,429,3,4,556597,1326,16057,51,716,36517,180,NA,109,NA,NA,93588,107524,93045,80966,86302,60466,32453,31768,195,437,743,1094,1921,2936,3418,4883,5,48,78,205,665,1801,3516,9701,NA,NA,NA,NA
3/5/21,430,3,5,557892,1322,16091,34,687,36616,176,NA,114,NA,NA,93955,107836,93284,81162,86513,60600,32510,31800,195,437,743,1095,1922,2937,3420,4883,5,49,78,205,667,1806,3524,9716,NA,NA,NA,NA
3/6/21,431,3,6,559214,1344,16124,33,665,36704,174,NA,116,NA,NA,94323,108148,93524,81359,86724,60734,32568,31833,196,438,744,1096,1924,2939,3422,4884,5,49,79,206,669,1812,3532,9731,NA,NA,NA,NA
3/7/21,432,3,7,560558,1339,16149,25,672,36783,180,NA,123,NA,NA,94690,108460,93763,81556,86935,60867,32626,31865,196,439,744,1097,1925,2941,3423,4885,6,49,79,206,672,1818,3540,9745,NA,NA,NA,NA
3/8/21,433,3,8,561897,1349,16187,38,704,36863,185,NA,117,NA,NA,95058,108772,94003,81753,87146,61001,32684,31898,197,440,745,1098,1927,2943,3425,4886,6,49,80,207,674,1824,3548,9760,NA,NA,NA,NA
3/9/21,434,3,9,563247,1359,16221,34,689,36957,183,NA,121,NA,NA,95425,109084,94242,81949,87357,61135,32741,31930,197,440,745,1099,1928,2944,3427,4886,6,50,80,207,676,1829,3556,9775,NA,NA,NA,NA
3/10/21,435,3,10,564606,1388,16258,37,680,37050,176,NA,122,NA,NA,95793,109396,94482,82146,87568,61269,32799,31963,198,441,746,1100,1930,2946,3429,4887,6,50,81,208,678,1835,3564,9790,NA,NA,NA,NA
3/11/21,436,3,11,565994,1400,16285,27,641,37118,170,NA,116,NA,NA,96208,109733,94754,82372,87790,61411,32850,31985,198,441,747,1100,1932,2948,3432,4891,6,50,81,209,681,1841,3574,9810,NA,NA,NA,NA
3/12/21,437,3,12,567394,1433,16320,35,643,37204,176,NA,109,NA,NA,96623,110071,95025,82597,88012,61554,32901,32007,199,441,748,1101,1933,2951,3434,4894,6,50,82,210,683,1847,3584,9829,NA,NA,NA,NA
3/13/21,438,3,13,568827,1465,16352,32,636,37278,169,NA,95,NA,NA,97038,110408,95297,82823,88234,61696,32952,32029,199,441,749,1101,1935,2953,3437,4898,6,50,82,211,686,1853,3594,9849,NA,NA,NA,NA
3/14/21,439,3,14,570292,1512,16384,32,624,37352,169,NA,94,NA,NA,97453,110745,95568,83049,88457,61838,33004,32050,199,442,750,1102,1936,2955,3439,4902,6,51,83,211,688,1859,3604,9868,NA,NA,NA,NA
3/15/21,440,3,15,571804,1558,16408,24,619,37416,164,NA,99,NA,NA,97868,111082,95840,83275,88679,61980,33055,32072,199,442,751,1102,1938,2957,3442,4906,6,51,83,212,691,1865,3614,9888,NA,NA,NA,NA
3/16/21,441,3,16,573362,1603,16429,21,620,37496,158,NA,102,NA,NA,98283,111420,96111,83500,88901,62123,33106,32094,200,442,752,1103,1939,2960,3444,4909,6,51,84,213,693,1871,3624,9907,NA,NA,NA,NA
3/17/21,442,3,17,574965,1627,16472,43,591,37571,163,NA,98,NA,NA,98698,111757,96383,83726,89123,62265,33157,32116,200,442,753,1103,1941,2962,3447,4913,6,51,84,214,696,1877,3634,9927,NA,NA,NA,NA
3/18/21,443,3,18,576591,1657,16506,34,586,37655,157,NA,92,NA,NA,99137,112154,96667,83967,89371,62409,33208,32140,201,442,753,1104,1943,2964,3448,4914,6,51,85,214,698,1881,3641,9939,NA,NA,NA,NA
3/19/21,444,3,19,578249,1712,16544,38,588,37730,152,NA,92,NA,NA,99577,112550,96951,84207,89618,62552,33260,32163,202,443,754,1105,1944,2965,3449,4915,6,51,85,214,700,1886,3647,9950,NA,NA,NA,NA
3/20/21,445,3,20,579961,1757,16574,30,580,37828,144,NA,88,NA,NA,100016,112947,97235,84448,89866,62696,33311,32187,203,443,754,1106,1946,2967,3450,4916,6,51,86,214,702,1890,3654,9962,NA,NA,NA,NA
3/21/21,446,3,21,581718,1817,16602,28,603,37908,145,NA,88,NA,NA,100456,113343,97520,84688,90114,62839,33363,32211,203,443,755,1106,1947,2968,3452,4917,6,52,86,215,704,1895,3661,9973,NA,NA,NA,NA
3/22/21,447,3,22,583534,1882,16640,38,608,37986,148,NA,86,NA,NA,100895,113740,97804,84929,90362,62983,33414,32235,204,443,755,1107,1949,2970,3453,4918,6,52,87,215,706,1899,3668,9985,NA,NA,NA,NA
3/23/21,448,3,23,585417,1938,16666,26,628,38073,147,NA,86,NA,NA,101335,114136,98088,85169,90609,63126,33466,32258,205,444,756,1108,1950,2971,3454,4919,6,52,87,215,708,1904,3674,9996,NA,NA,NA,NA
3/24/21,449,3,24,587355,1961,16707,41,631,38164,137,NA,87,NA,NA,101774,114533,98372,85410,90857,63270,33517,32282,206,444,756,1109,1952,2973,3455,4920,6,52,88,215,710,1908,3681,10008,NA,NA,NA,NA
3/25/21,450,3,25,589316,1973,16739,32,622,38237,139,NA,84,NA,NA,102304,115002,98704,85685,91125,63432,33566,32301,206,444,757,1109,1954,2975,3457,4924,6,52,88,216,713,1913,3691,10025,NA,NA,NA,NA
3/26/21,451,3,26,591289,2006,16766,27,654,38339,143,NA,86,NA,NA,102834,115471,99036,85960,91392,63593,33615,32321,207,444,758,1110,1955,2977,3460,4928,6,52,89,216,716,1918,3700,10042,NA,NA,NA,NA
3/27/21,452,3,27,593294,2033,16793,27,657,38439,141,NA,92,NA,NA,103364,115940,99368,86235,91660,63755,33664,32340,207,444,759,1110,1957,2979,3462,4932,6,52,89,217,719,1923,3710,10059,NA,NA,NA,NA
3/28/21,453,3,28,595327,2041,16815,22,675,38525,159,NA,93,NA,NA,103895,116410,99701,86510,91927,63917,33713,32360,208,445,759,1111,1958,2982,3464,4936,7,53,89,218,721,1927,3719,10077,NA,NA,NA,NA
3/29/21,454,3,29,597368,2022,16840,25,711,38605,172,NA,95,NA,NA,104425,116879,100033,86785,92195,64079,33762,32379,208,445,760,1111,1960,2984,3466,4940,7,53,89,219,724,1932,3729,10094,NA,NA,NA,NA
3/30/21,455,3,30,599390,1983,16877,37,690,38703,169,NA,93,NA,NA,104955,117348,100365,87060,92462,64240,33811,32399,209,445,761,1112,1961,2986,3469,4944,7,53,90,219,727,1937,3738,10111,NA,NA,NA,NA
3/31/21,456,3,31,601373,1965,16904,27,700,38796,166,NA,86,NA,NA,105485,117817,100697,87335,92730,64402,33860,32418,209,445,762,1112,1963,2988,3471,4948,7,53,90,220,730,1942,3748,10128,NA,NA,NA,NA
4/1/21,457,4,1,603338,1912,16933,29,705,38897,160,NA,90,NA,NA,106021,118306,101037,87595,92997,64552,33906,32442,210,445,763,1113,1964,2989,3472,4949,7,53,90,220,732,1945,3752,10135,NA,NA,NA,NA
4/2/21,458,4,2,605250,1894,16961,28,707,39002,164,NA,93,NA,NA,106558,118796,101378,87855,93264,64703,33952,32466,211,446,763,1114,1966,2991,3473,4949,7,53,91,221,733,1949,3757,10141,NA,NA,NA,NA
4/3/21,459,4,3,607144,1874,16973,12,715,39093,167,NA,97,NA,NA,107094,119285,101718,88115,93531,64853,33998,32490,212,446,764,1115,1967,2992,3474,4950,7,53,91,221,735,1952,3761,10148,NA,NA,NA,NA
4/4/21,460,4,4,609019,1857,16988,15,707,39175,163,NA,93,NA,NA,107631,119775,102059,88374,93799,65004,34044,32515,213,446,764,1117,1968,2994,3474,4951,7,54,91,221,736,1955,3766,10154,NA,NA,NA,NA
4/5/21,461,4,5,610876,1849,16998,10,725,39270,169,NA,97,NA,NA,108167,120264,102399,88634,94066,65154,34090,32539,214,446,765,1118,1969,2995,3475,4952,7,54,91,221,738,1958,3770,10161,NA,NA,NA,NA
4/6/21,462,4,6,612725,1851,17009,11,755,39370,179,NA,105,NA,NA,108704,120754,102740,88894,94333,65305,34136,32563,215,447,765,1119,1971,2997,3476,4952,7,54,92,222,739,1962,3775,10167,NA,NA,NA,NA
4/7/21,463,4,7,614576,1866,17015,6,735,39462,176,NA,95,NA,NA,109240,121243,103080,89154,94600,65455,34182,32587,216,447,766,1120,1972,2998,3477,4953,7,54,92,222,741,1965,3779,10174,NA,NA,NA,NA
4/8/21,464,4,8,616442,1892,17022,7,711,39556,174,NA,106,NA,NA,109793,121694,103429,89410,94846,65598,34221,32605,216,447,767,1120,1973,3000,3479,4956,7,54,92,223,743,1968,3784,10184,NA,NA,NA,NA
4/9/21,465,4,9,618334,1854,17040,18,685,39645,178,NA,98,NA,NA,110347,122145,103777,89666,95093,65740,34259,32623,217,447,767,1121,1975,3002,3480,4960,7,55,92,224,746,1971,3790,10193,NA,NA,NA,NA
4/10/21,466,4,10,620188,1816,17053,13,698,39746,172,NA,100,NA,NA,110900,122596,104126,89922,95339,65883,34298,32641,217,447,768,1121,1976,3004,3482,4963,7,55,92,225,748,1974,3795,10203,NA,NA,NA,NA
4/11/21,467,4,11,622004,1765,17060,7,699,39828,162,NA,102,NA,NA,111453,123047,104475,90177,95586,66026,34337,32660,217,447,769,1122,1978,3006,3483,4967,7,55,93,225,750,1978,3800,10212,NA,NA,NA,NA
4/12/21,468,4,12,623769,1691,17071,11,714,39918,165,NA,100,NA,NA,112006,123498,104824,90433,95832,66169,34376,32678,217,447,770,1122,1979,3008,3485,4970,7,55,93,226,752,1981,3805,10222,NA,NA,NA,NA
4/13/21,469,4,13,625460,1621,17080,9,711,40011,159,NA,101,NA,NA,112560,123949,105172,90689,96079,66311,34414,32696,218,447,770,1123,1981,3010,3486,4974,7,56,93,227,755,1984,3811,10231,NA,NA,NA,NA
4/14/21,470,4,14,627081,1578,17089,9,710,40095,162,NA,102,NA,NA,113113,124400,105521,90945,96325,66454,34453,32714,218,447,771,1123,1982,3012,3488,4977,7,56,93,228,757,1987,3816,10241,NA,NA,NA,NA
4/15/21,471,4,15,628660,1556,17101,12,699,40192,164,NA,98,NA,NA,113583,124768,105812,91154,96538,66564,34486,32735,219,447,772,1124,1983,3013,3489,4977,7,56,93,228,758,1989,3816,10241,NA,NA,NA,NA
4/16/21,472,4,16,630216,1462,17111,10,693,40300,169,NA,99,NA,NA,114053,125136,106103,91363,96752,66674,34520,32756,219,448,772,1126,1985,3015,3490,4978,7,56,94,228,758,1991,3816,10241,NA,NA,NA,NA
4/17/21,473,4,17,631678,1398,17123,12,701,40407,162,NA,103,NA,NA,114523,125504,106394,91572,96965,66784,34553,32777,220,448,773,1127,1986,3016,3491,4978,7,56,94,228,759,1993,3816,10241,NA,NA,NA,NA
4/18/21,474,4,18,633076,1331,17132,9,705,40504,163,NA,95,NA,NA,114993,125873,106685,91782,97179,66894,34586,32797,221,449,773,1129,1988,3017,3491,4978,7,57,95,229,760,1995,3817,10242,NA,NA,NA,NA
4/19/21,475,4,19,634407,1286,17145,13,708,40586,168,NA,102,NA,NA,115463,126241,106976,91991,97392,67004,34619,32818,222,449,774,1130,1989,3018,3492,4978,7,57,95,229,761,1997,3817,10242,NA,NA,NA,NA
4/20/21,476,4,20,635694,1255,17155,10,686,40665,156,NA,95,NA,NA,115933,126609,107267,92200,97606,67114,34653,32839,222,450,774,1132,1991,3020,3493,4979,7,57,96,229,761,1999,3817,10242,NA,NA,NA,NA
4/21/21,477,4,21,636949,1212,17168,13,645,40758,158,NA,90,NA,NA,116403,126977,107558,92409,97819,67224,34686,32860,223,450,775,1133,1992,3021,3494,4979,7,57,96,229,762,2001,3817,10242,NA,NA,NA,NA
4/22/21,478,4,22,638161,1191,17178,10,644,40838,156,NA,89,NA,NA,116843,127274,107806,92597,97993,67314,34714,32873,223,450,776,1133,1993,3023,3496,4982,7,57,96,230,764,2003,3820,10249,NA,NA,NA,NA
4/23/21,479,4,23,639351,1190,17185,7,633,40927,144,NA,90,NA,NA,117282,127572,108055,92784,98167,67404,34742,32887,223,450,776,1134,1995,3024,3498,4984,7,58,97,231,766,2006,3823,10255,NA,NA,NA,NA
4/24/21,480,4,24,640542,1165,17195,10,641,41014,152,NA,96,NA,NA,117722,127869,108303,92972,98341,67494,34770,32900,223,450,777,1134,1996,3026,3500,4987,7,58,97,232,768,2008,3826,10262,NA,NA,NA,NA
4/25/21,481,4,25,641707,1126,17202,7,625,41075,154,NA,97,NA,NA,118162,128167,108551,93159,98514,67584,34799,32914,224,451,777,1135,1997,3027,3501,4990,8,58,98,232,769,2011,3829,10268,NA,NA,NA,NA
4/26/21,482,4,26,642833,1074,17218,16,628,41155,158,NA,93,NA,NA,118602,128464,108799,93347,98688,67674,34827,32927,224,451,778,1135,1998,3029,3503,4993,8,58,98,233,771,2013,3832,10275,NA,NA,NA,NA
4/27/21,483,4,27,643907,1041,17231,13,594,41216,153,NA,89,NA,NA,119041,128762,109048,93534,98862,67764,34855,32941,224,451,778,1136,2000,3030,3505,4995,8,59,99,234,773,2016,3835,10281,NA,NA,NA,NA
4/28/21,484,4,28,644948,1016,17243,12,590,41291,155,NA,89,NA,NA,119481,129059,109296,93722,99036,67854,34883,32954,224,451,779,1136,2001,3032,3507,4998,8,59,99,235,775,2018,3838,10288,NA,NA,NA,NA
4/29/21,485,4,29,645963,991,17259,16,559,41357,152,NA,79,NA,NA,119823,129275,109469,93855,99165,67914,34906,32971,225,452,779,1138,2003,3033,3508,4998,8,59,100,235,775,2020,3838,10288,NA,NA,NA,NA
4/30/21,486,4,30,646955,915,17268,9,541,41420,146,NA,78,NA,NA,120164,129491,109641,93989,99295,67974,34930,32987,225,452,780,1139,2004,3034,3509,4998,8,59,100,235,776,2022,3838,10288,NA,NA,NA,NA
5/1/21,487,5,1,647870,862,17274,6,525,41479,143,NA,81,NA,NA,120506,129707,109814,94122,99424,68034,34953,33004,226,453,780,1141,2006,3035,3510,4998,8,59,101,235,776,2024,3838,10288,NA,NA,NA,NA
5/2/21,488,5,2,648732,826,17282,8,522,41532,133,NA,82,NA,NA,120847,129922,109987,94256,99554,68095,34976,33021,227,454,781,1142,2008,3036,3510,4998,8,60,101,236,777,2025,3838,10288,NA,NA,NA,NA
5/3/21,489,5,3,649558,796,17291,9,516,41583,136,NA,85,NA,NA,121189,130138,110160,94389,99683,68155,34999,33038,228,455,781,1144,2010,3037,3511,4998,8,60,102,236,777,2027,3838,10288,NA,NA,NA,NA
5/4/21,490,5,4,650353,759,17298,7,485,41638,135,NA,81,NA,NA,121530,130354,110332,94523,99813,68215,35023,33054,228,455,782,1145,2011,3038,3512,4998,8,60,102,236,778,2029,3838,10288,NA,NA,NA,NA
5/5/21,491,5,5,651113,736,17304,6,469,41697,137,NA,87,NA,NA,121872,130570,110505,94656,99942,68275,35046,33071,229,456,782,1147,2013,3039,3513,4998,8,60,103,236,778,2031,3838,10288,NA,NA,NA,NA
5/6/21,492,5,6,651849,708,17318,14,459,41760,138,NA,82,NA,NA,122174,130733,110648,94766,100036,68326,35064,33080,229,456,783,1147,2014,3041,3514,5000,8,60,103,237,780,2033,3841,10294,NA,NA,NA,NA
5/7/21,493,5,7,652557,668,17329,11,441,41810,128,NA,66,NA,NA,122476,130896,110791,94876,100130,68377,35083,33089,229,456,783,1148,2015,3042,3516,5003,8,61,103,238,781,2036,3844,10301,NA,NA,NA,NA
5/8/21,494,5,8,653225,624,17334,5,438,41868,124,NA,74,NA,NA,122778,131059,110934,94986,100224,68428,35101,33098,229,456,784,1148,2016,3044,3517,5005,8,61,103,239,783,2038,3847,10307,NA,NA,NA,NA
5/9/21,495,5,9,653850,585,17343,9,427,41904,117,NA,77,NA,NA,123079,131221,111078,95096,100319,68480,35119,33106,230,457,785,1148,2017,3045,3518,5008,9,61,104,240,784,2041,3851,10314,NA,NA,NA,NA
5/10/21,496,5,10,654434,552,17349,6,441,41947,117,NA,76,NA,NA,123381,131384,111221,95206,100413,68531,35137,33115,230,457,786,1148,2018,3047,3519,5010,9,61,104,241,786,2043,3854,10320,NA,NA,NA,NA
5/11/21,497,5,11,654986,521,17355,6,428,42007,114,NA,76,NA,NA,123683,131547,111364,95316,100507,68582,35156,33124,230,457,786,1149,2019,3048,3521,5013,9,62,104,242,787,2046,3857,10327,NA,NA,NA,NA
5/12/21,498,5,12,655507,504,17371,16,385,42052,111,NA,70,NA,NA,123985,131710,111507,95426,100601,68633,35174,33133,230,457,787,1149,2020,3050,3522,5015,9,62,104,243,789,2048,3860,10333,NA,NA,NA,NA
5/13/21,499,5,13,656011,498,17377,6,376,42101,104,NA,63,NA,NA,124174,131819,111593,95491,100666,68664,35189,33145,231,457,787,1150,2021,3051,3523,5015,9,62,105,243,789,2050,3860,10333,NA,NA,NA,NA
5/14/21,500,5,14,656509,470,17387,10,352,42147,97,NA,58,NA,NA,124362,131929,111680,95556,100731,68696,35205,33157,232,457,788,1152,2023,3051,3523,5015,9,62,105,244,790,2051,3860,10333,NA,NA,NA,NA
5/15/21,501,5,15,656979,452,17398,11,337,42187,94,NA,55,NA,NA,124551,132038,111766,95621,100796,68727,35220,33169,233,457,788,1153,2024,3052,3524,5015,9,62,106,244,790,2053,3860,10333,NA,NA,NA,NA
5/16/21,502,5,16,657431,426,17408,10,336,42227,96,NA,56,NA,NA,124739,132147,111853,95685,100862,68759,35236,33181,233,458,789,1154,2026,3052,3524,5016,10,62,106,245,790,2054,3861,10333,NA,NA,NA,NA
5/17/21,503,5,17,657857,402,17416,8,326,42266,93,NA,54,NA,NA,124928,132256,111939,95750,100927,68790,35251,33193,234,458,789,1155,2027,3053,3525,5016,10,62,107,245,790,2056,3861,10333,NA,NA,NA,NA
5/18/21,504,5,18,658259,379,17423,7,332,42311,96,NA,56,NA,NA,125116,132366,112026,95815,100992,68822,35267,33205,235,458,790,1157,2029,3053,3525,5016,10,62,107,246,791,2057,3861,10333,NA,NA,NA,NA
5/19/21,505,5,19,658638,360,17433,10,327,42351,91,NA,51,NA,NA,125305,132475,112112,95880,101057,68853,35282,33217,236,458,790,1158,2030,3054,3526,5016,10,62,108,246,791,2059,3861,10333,NA,NA,NA,NA
5/20/21,506,5,20,658998,346,17436,3,303,42383,81,NA,49,NA,NA,125448,132554,112186,95932,101102,68882,35293,33221,236,458,791,1158,2030,3055,3527,5019,10,62,108,247,792,2061,3864,10339,NA,NA,NA,NA
5/21/21,507,5,21,659345,310,17444,8,281,42414,81,NA,46,NA,NA,125591,132632,112259,95983,101146,68911,35304,33226,236,458,791,1158,2031,3056,3529,5021,10,62,108,248,794,2062,3867,10345,NA,NA,NA,NA
5/22/21,508,5,22,659655,280,17455,11,257,42443,75,NA,45,NA,NA,125734,132711,112333,96035,101191,68940,35315,33230,236,458,792,1158,2031,3057,3530,5024,10,62,108,249,795,2064,3870,10351,NA,NA,NA,NA
5/23/21,509,5,23,659935,255,17459,4,258,42479,71,NA,40,NA,NA,125878,132789,112406,96087,101236,68968,35327,33234,236,459,792,1158,2032,3057,3531,5026,10,63,108,249,796,2066,3874,10358,NA,NA,NA,NA
5/24/21,510,5,24,660191,231,17464,5,248,42518,74,NA,40,NA,NA,126021,132868,112480,96139,101281,68997,35338,33238,236,459,793,1158,2032,3058,3532,5029,10,63,108,250,797,2068,3877,10364,NA,NA,NA,NA
5/25/21,511,5,25,660421,208,17472,8,264,42573,78,NA,43,NA,NA,126164,132946,112553,96190,101325,69026,35349,33243,236,459,793,1158,2033,3059,3534,5031,10,63,108,251,799,2069,3880,10370,NA,NA,NA,NA
5/26/21,512,5,26,660629,197,17479,7,253,42601,79,NA,42,NA,NA,126307,133025,112627,96242,101370,69055,35360,33247,236,459,794,1158,2033,3060,3535,5034,10,63,108,252,800,2071,3883,10376,NA,NA,NA,NA
5/27/21,513,5,27,660826,188,17485,6,241,42628,74,NA,40,NA,NA,126410,133079,112683,96281,101403,69078,35369,33250,236,459,795,1158,2033,3061,3536,5036,10,63,108,253,801,2072,3886,10382,NA,NA,NA,NA
5/28/21,514,5,28,661014,160,17489,4,236,42658,73,NA,40,NA,NA,126514,133133,112738,96319,101436,69101,35379,33254,236,459,795,1158,2034,3061,3537,5038,10,63,108,253,803,2074,3888,10388,NA,NA,NA,NA
5/29/21,515,5,29,661173,149,17492,3,236,42691,74,NA,39,NA,NA,126617,133187,112794,96358,101469,69124,35388,33257,236,459,796,1158,2034,3062,3538,5040,10,63,108,254,804,2075,3891,10394,NA,NA,NA,NA
5/30/21,516,5,30,661322,141,17492,0,230,42708,73,NA,36,NA,NA,126721,133242,112850,96396,101503,69147,35398,33260,236,459,796,1158,2034,3063,3539,5043,10,63,108,254,805,2077,3893,10400,NA,NA,NA,NA
5/31/21,517,5,31,661463,128,17496,4,225,42734,77,NA,38,NA,NA,126824,133296,112906,96435,101536,69170,35407,33263,236,459,797,1158,2034,3064,3540,5045,10,63,108,255,806,2078,3896,10406,NA,NA,NA,NA
6/1/21,518,6,1,661523,123,17505,9,216,42755,76,NA,37,NA,NA,126928,133350,112961,96473,101569,69193,35417,33267,236,459,797,1158,2035,3064,3541,5047,10,63,108,255,808,2080,3898,10412,NA,NA,NA,NA
6/2/21,519,6,2,661575,130,17511,6,203,42774,69,NA,36,NA,NA,127031,133404,113017,96512,101602,69216,35426,33270,236,459,798,1158,2035,3065,3542,5049,10,63,108,256,809,2081,3901,10418,NA,NA,NA,NA
6/3/21,520,6,3,661610,35,NA,NA,193,42790,68,NA,38,NA,NA,NA,NA,NA,NA,NA,NA,NA,NA,NA,NA,NA,NA,NA,NA,NA,NA,NA,NA,NA,NA,NA,NA,NA,NA,NA,NA,NA,NA
6/4/21,521,6,4,661645,35,17551,NA,181,42815,65,NA,32,NA,NA,NA,NA,NA,NA,NA,NA,NA,NA,NA,NA,NA,NA,NA,NA,NA,NA,NA,NA,NA,NA,NA,NA,NA,NA,NA,NA,NA,NA
6/5/21,522,6,5,661680,35,17555,4,178,42838,64,NA,31,NA,NA,NA,NA,NA,NA,NA,NA,NA,NA,NA,NA,NA,NA,NA,NA,NA,NA,NA,NA,NA,NA,NA,NA,NA,NA,NA,NA,NA,NA
6/6/21,523,6,6,661715,35,17563,8,181,42849,65,NA,35,NA,NA,NA,NA,NA,NA,NA,NA,NA,NA,NA,NA,NA,NA,NA,NA,NA,NA,NA,NA,NA,NA,NA,NA,NA,NA,NA,NA,NA,NA
